,2011,2012,2013,2014,2015,2016,2017,2018,2019,2020,2021,2022,2023,2024,2025,2026
ret_1,296.45975571870804,290.54616272449493,270.9658971428871,300.6931062936783,267.9366151690483,277.51440650224686,284.1580666899681,249.06374979019165,259.710661649704,233.75443750619888,310.4377998113632,338.7827668786049,363.67249619960785,364.94426304101944,341.36337000131607,275.1702369451523
nret_1,186.87263655662537,200.50967401266098,185.14936834573746,211.9038309454918,186.50905925035477,173.8536479473114,198.19464820623398,206.71186691522598,191.93196445703506,178.5383586883545,175.88949263095856,184.11462444067,183.8349086046219,181.26098173856735,154.8867312669754,175.4776650071144
ret_3,184.0634824037552,174.06823951005936,200.85547691583633,179.97271519899368,223.43972545862198,215.2891007065773,207.86467063426971,194.1963860988617,205.60459023714066,186.80603152513504,303.5287945866585,293.6948295235634,283.7597582936287,269.3995866179466,287.48304092884064,280.8467288017273
nret_3,114.30398857593536,107.21267503499985,117.27735328674316,115.79945123195648,120.62478232383728,130.38454365730286,113.51436024904251,83.47218906879425,105.76656609773636,103.40507459640503,167.62689226865768,135.36226522922516,118.96815592050552,162.20407235622406,140.7942059636116,134.33866280317307
ret_7,390.0009686946869,412.8476344347,413.42370903491974,394.4875862598419,413.6760056614876,446.2780812382698,402.9929780960083,420.5024118423462,422.45172649621964,387.77884417772293,406.3262707591057,406.9217806458473,412.59630793333054,388.82764130830765,362.31585043668747,373.0616841316223
nret_7,137.23226302862167,135.63623529672623,147.58264142274857,141.97614002227783,133.16222375631332,149.41536247730255,144.9207108616829,140.7489520907402,170.55918323993683,156.62839144468307,137.5509421825409,130.7979074716568,140.77507096529007,118.76113718748093,126.09676116704941,132.16892439126968
ret_14,115.61171793937683,127.94927668571472,133.79454463720322,139.02145779132843,137.88741785287857,132.21594220399857,168.01688086986542,161.39747893810272,127.10680598020554,151.14128696918488,146.33038878440857,140.85318380594254,142.8453801870346,132.5645540356636,129.52236485481262,143.4350443482399
nret_14,74.38347202539444,76.773346722126,92.69220703840256,78.54831486940384,81.52122563123703,91.6232880949974,82.01855629682541,86.11675918102264,74.01399368047714,100.15354984998703,83.79678988456726,84.04697489738464,88.26663029193878,56.48026895523071,71.71134507656097,74.92070883512497
ret_30,154.36974906921387,159.41938465833664,129.72906291484833,117.08230599761009,165.4441527724266,127.32597231864929,122.79808205366135,131.68542689085007,138.46991127729416,142.92043375968933,128.87927043437958,157.6551206111908,150.26139944791794,145.89581608772278,165.27202528715134,140.06667113304138
nret_30,143.10649663209915,162.53620195388794,124.3633564710617,151.73012313246727,135.3767889738083,150.28863632678986,146.33286476135254,139.03160345554352,134.54336285591125,117.68244737386703,93.61453318595886,114.25174605846405,105.3135616183281,109.67059195041656,105.21467620134354,120.92335879802704
ret_60,153.33024829626083,143.92334687709808,149.31290245056152,153.75158059597015,131.82450705766678,148.97760540246964,149.15929144620895,186.33433896303177,156.57898819446564,163.68808543682098,131.76640397310257,136.72535055875778,154.3906587958336,180.90867495536804,151.0444542169571,148.1742604970932
nret_60,69.6201765537262,77.10330605506897,86.20755362510681,95.12652164697647,104.8621621131897,74.11837649345398,103.43145155906677,84.43420475721359,97.26770621538162,106.34911519289017,98.29660755395889,75.73575538396835,62.287627935409546,67.07574218511581,77.9781905412674,47.46712529659271
ret_90,96.96322071552277,109.03231239318848,141.19404983520508,119.65211313962936,102.7482482790947,116.03443020582199,135.85192507505417,132.0782477259636,144.65313643217087,161.93939489126205,135.14872735738754,136.17965680360794,151.11155277490616,167.8447626233101,159.69804418087006,150.0237312912941
nret_90,102.40330588817596,102.63219863176346,113.51796692609787,96.7623028755188,117.59394454956055,115.44672447443008,136.24734145402908,103.98737561702728,122.52655333280563,113.75550764799118,130.701722741127,131.2552126646042,107.76344239711761,110.61432212591171,124.48230940103531,121.17756116390228
ret_180,216.7363599538803,211.4838326573372,224.93603199720383,226.46108496189117,228.886250436306,215.06069374084473,229.63742911815643,238.72623229026794,232.17773485183716,239.4452282190323,250.65943616628647,248.36432474851608,257.276251912117,266.73049741983414,255.2192531824112,251.71825313568115
nret_180,114.36935395002365,114.77048242092133,100.79849606752396,128.69094252586365,128.4999052286148,135.77471113204956,129.38746982812881,124.13028627634048,137.9377110004425,140.31423699855804,146.7706069946289,131.85666131973267,148.008385181427,150.98052197694778,137.48600453138351,150.87673491239548
ret_252,299.8035591840744,288.9945016503334,279.398620903492,288.4994463920593,270.20871472358704,309.92264407873154,307.9497822523117,332.6758536696434,324.73456156253815,323.58826833963394,347.2347293496132,391.6457408070564,413.08028745651245,401.960335791111,426.82284265756607,400.32039457559586
nret_252,270.1038470566273,246.73486226797104,239.70631510019302,252.03417944908142,255.99820917844772,263.43339121341705,222.70744794607162,221.32218718528748,224.72894728183746,217.17198824882507,239.72534197568893,237.3350241780281,229.14847362041473,252.20301514863968,282.8534808754921,266.7154477238655
vol_7,305.8940404653549,276.0186982154846,236.7434054017067,255.81435972452164,268.71502047777176,292.319522023201,236.64315915107727,254.43622702360153,244.33087533712387,241.3236072063446,258.6760452389717,267.1500435471535,298.9054153561592,304.371065557003,295.03186893463135,276.6468106508255
vol_30,229.1001117825508,243.5913593173027,242.90262055397034,203.85160142183304,213.80862909555435,233.30807650089264,205.2734237909317,202.97341132164001,226.06208181381226,190.65897679328918,238.63694405555725,200.73284822702408,231.5053780078888,232.07375818490982,236.5092026591301,225.5751792192459
vol_90,214.8820868730545,236.22404742240906,210.3160674571991,219.63041800260544,207.56343054771423,234.7343578338623,203.3493334054947,201.68979436159134,187.05802863836288,233.56738185882568,230.39938807487488,219.5033929347992,220.01872235536575,231.82762950658798,249.42743903398514,258.0695461630821
vol_ratio,121.35588905215263,119.20138257741928,131.17779117822647,131.95509260892868,124.78269881010056,127.83210867643356,127.21215838193893,120.99472033977509,99.58681178092957,100.51228898763657,112.26260960102081,99.88339841365814,110.02823448181152,119.95659375190735,96.61620879173279,97.98583632707596
max_30,181.2233847975731,154.66750770807266,174.03601080179214,174.65888142585754,173.0218693614006,200.95597422122955,168.00425517559052,176.25681430101395,202.36623948812485,186.59494096040726,204.51657915115356,207.78595584630966,219.55212503671646,213.77632147073746,225.11290150880814,201.63596099615097
min_30,172.62605094909668,179.17105358839035,161.35743468999863,153.00981444120407,167.2286760210991,184.2024009823799,175.58957642316818,189.20022058486938,171.406114757061,174.9804244041443,187.28827452659607,194.32131910324097,174.93154323101044,185.9780074954033,187.93140840530396,173.3918024301529
skew_30,83.34608489274979,75.74496299028397,95.44476598501205,84.90953326225281,91.17400801181793,104.42947244644165,85.62993329763412,76.58981508016586,84.98063772916794,95.95282769203186,75.32924044132233,81.04006546735764,83.64113563299179,86.63059586286545,85.744395673275,94.23236280679703
ema_d_10,79.25239568948746,90.08255398273468,98.85604894161224,92.65509974956512,108.4487926363945,94.14924424886703,82.78958904743195,112.85817438364029,107.70153617858887,110.4528959095478,85.04520148038864,107.3525338768959,87.36199176311493,92.62411999702454,104.29101800918579,121.69764798879623
ema_d_30,154.14915215969086,165.4917575120926,158.95300424098969,154.75412440299988,132.52451956272125,125.74479669332504,148.5858410000801,149.7268963456154,154.0739821791649,154.34357556700706,139.1361837387085,150.43395453691483,143.90282171964645,129.04637801647186,155.91463762521744,144.18273383378983
ema_d_100,141.53113394975662,155.72705513238907,159.194018304348,179.29631912708282,171.72918540239334,145.40701740980148,157.5362240076065,156.81731140613556,145.88744854927063,137.2075759768486,156.5477059483528,127.03162896633148,106.04839724302292,112.54624301195145,114.5213680267334,122.44777518510818
dd_90,141.240808904171,134.26125210523605,134.97349786758423,139.83924889564514,153.0700462460518,167.02032828330994,146.8718626499176,123.45180583000183,125.61270606517792,146.2141508460045,166.3409760594368,180.26002418994904,209.50058668851852,193.56122410297394,174.65908461809158,187.79468536376953
ru_90,131.32822906970978,122.84707397222519,135.43118798732758,118.23274272680283,180.02403807640076,156.81964403390884,141.45952051877975,163.48806196451187,165.1468797326088,150.66715717315674,175.93273335695267,157.1971407532692,143.216814994812,146.0887810587883,163.049096763134,161.46392768621445
don_20,78.51037299633026,66.84437096118927,63.32231205701828,79.65208286046982,76.36753988265991,74.00568979978561,85.87535792589188,77.48643273115158,78.07509303092957,82.49422407150269,74.97184610366821,68.23086911439896,82.89259725809097,71.94066661596298,67.0381532907486,61.49462604522705
don_60,106.30208414793015,101.18906426429749,110.87606781721115,109.67515009641647,119.35179769992828,109.16224026679993,131.69699305295944,106.1973032951355,114.7662398815155,91.25188845396042,86.75451177358627,87.90422624349594,92.6854305267334,109.07491308450699,86.17335432767868,77.79316091537476
er_14,106.31694054603577,95.16680353879929,112.21948340535164,107.41747182607651,113.82240772247314,85.1443299651146,74.95662206411362,101.29402208328247,93.26514917612076,97.06034362316132,90.45982027053833,93.09899455308914,94.2983193397522,95.20502442121506,86.25213122367859,84.3376572728157
er_60,69.40691709518433,88.1466715335846,91.1365727186203,87.94088912010193,78.43606638908386,104.8549063205719,109.51799803972244,86.15682655572891,92.1508618593216,83.01984518766403,73.43017989397049,88.05300921201706,81.03315484523773,60.46139293909073,62.06430011987686,84.28331750631332
chop_14,119.9771180152893,107.6441000699997,104.85813903808594,120.71043276786804,122.78655517101288,118.60358303785324,127.80729401111603,116.46543002128601,118.71224296092987,110.74144345521927,93.01870387792587,113.65877026319504,116.88120317459106,105.06839680671692,87.70192521810532,69.35331702232361
r2_30,117.54868549108505,128.30461704730988,131.38479351997375,142.07110846042633,149.2574896812439,127.156265437603,140.78523427248,132.69697338342667,130.58064395189285,140.02385008335114,122.19695174694061,131.68651854991913,121.8169949054718,116.52853947877884,119.85338711738586,122.8308093547821
r2_90,81.81511217355728,62.08620297908783,85.97221547365189,72.6865661740303,77.941934466362,82.54400032758713,88.18616962432861,87.1886396408081,98.06040239334106,83.55180966854095,87.1270437836647,89.74550700187683,97.68164998292923,84.53323447704315,108.04117012023926,96.2450161576271
rsi_14,119.41402012109756,103.30006736516953,101.16939979791641,99.72614616155624,107.23082709312439,124.5424867272377,120.18599671125412,118.82111066579819,117.94899260997772,121.76249051094055,112.68099969625473,93.69582122564316,91.26117694377899,89.74620991945267,85.65420717000961,89.03224694728851
size,190.2633810043335,165.4956595301628,160.98249405622482,194.62624633312225,187.8229776620865,185.86926198005676,197.31131899356842,204.88463765382767,189.6314046382904,213.87861078977585,187.66896682977676,204.38987785577774,181.76240521669388,174.1286574602127,142.95041239261627,144.47956186532974
dv_chg,139.19238811731339,153.46890515089035,145.84127789735794,152.85977697372437,141.20555639266968,117.9884541630745,88.53768229484558,114.57424461841583,110.71963089704514,112.66421318054199,96.35448694229126,90.27407002449036,78.09029620885849,88.53288722038269,69.47975891828537,73.3795645236969
beta_60,0.0,0.0,0.0,0.0,0.0,0.0,0.0,0.0,0.0,0.0,0.0,0.0,0.0,0.0,0.0,0.0
resmom_30,0.0,0.0,0.0,0.0,0.0,0.0,0.0,0.0,0.0,0.0,0.0,0.0,0.0,0.0,0.0,0.0
age,312.59526494145393,247.42607790231705,262.37630593776703,303.4807460308075,268.73491102457047,281.86338609457016,259.65927952528,290.1962323188782,268.1247474551201,337.90641498565674,475.6153073310852,390.7016376852989,351.88673228025436,299.63553780317307,363.46838587522507,398.00230491161346
w_ret_4,132.46449121832848,142.0488298535347,121.805957198143,123.11174702644348,100.23912751674652,121.59039068222046,132.14657294750214,122.41141313314438,116.4151474237442,110.56453317403793,129.12399649620056,134.3632269501686,129.73778167366982,172.02042001485825,131.8947411775589,149.7115913629532
w_ret_13,129.14045768976212,139.783327460289,133.1758463382721,146.3437733054161,124.64761072397232,138.4066790342331,134.42212998867035,143.8801463842392,125.92722129821777,122.59416353702545,135.72405910491943,124.34868997335434,100.88962543010712,110.00304663181305,128.71334171295166,116.22430521249771
w_rsi_14,121.94519525766373,119.77659875154495,130.96472424268723,143.32875937223434,126.12887126207352,121.79059582948685,103.62357312440872,108.61847168207169,102.8397154211998,113.68577933311462,95.98204731941223,98.12507790327072,104.86234021186829,107.53983509540558,127.69746798276901,120.7618647813797
w_er_13,83.09623491764069,98.18094211816788,93.8476459980011,102.24395394325256,62.5375599861145,70.21834689378738,86.86626034975052,74.08832669258118,77.27096199989319,77.73864179849625,69.53135234117508,61.0824339389801,83.87769520282745,82.54761523008347,83.30560725927353,76.40859913825989
mkt_ret_7,641.2247183322906,648.6605911254883,657.1440021395683,739.8507836461067,796.445071220398,877.8783218860626,855.7199977636337,902.1373174786568,899.1577228307724,867.3548897504807,1134.0604927539825,1124.1510397195816,1282.3772473931313,1184.960783481598,1279.3441378474236,1293.3716198205948
mkt_ret_30,537.0736449956894,622.276517033577,571.0466766953468,533.0673925876617,548.7072731852531,604.1204063892365,633.8222846388817,601.4785650968552,618.0025919079781,602.1259844303131,662.557686150074,654.0750536322594,769.7547272443771,924.1138184666634,794.5338079929352,878.5046246647835
mkt_ret_90,644.137142598629,651.075603723526,610.7748616337776,618.0060238242149,596.756952881813,643.3014488220215,603.9547394514084,611.6722068786621,630.4419004917145,641.434366941452,677.3818009495735,825.0931463837624,836.2571442723274,925.7836794257164,965.2036531567574,996.7929438948631
lead_ret_30,498.0517174601555,518.7277207374573,484.67827093601227,471.9412833452225,487.8749934434891,577.8319771289825,586.8397859334946,522.5444222688675,474.1054952144623,504.72294145822525,650.740275323391,608.9383881092072,764.3455595374107,726.5110287666321,885.8950963616371,829.0304805636406
breadth_30,508.99681371450424,542.4247591495514,541.3043450713158,458.92006409168243,529.690468609333,631.7768756151199,584.7390642166138,638.6077824831009,731.4963547587395,732.8961502313614,853.3737228512764,889.0783094167709,889.690520465374,990.6100870370865,1012.8231536149979,981.9120319485664
disp_30,597.1121230125427,644.1704743504524,680.2024967074394,661.1693955659866,691.1107116937637,765.8296875357628,762.3265897035599,694.8068630695343,722.6598294973373,768.5905276536942,1001.3556077480316,1043.2531814575195,1155.048379957676,1115.4798350334167,1082.7893232107162,1225.4208870530128
