strategy,mode,year,cagr,vol,sharpe,maxdd,calmar,total
EQUAL,lf,2024,0.9071758873470168,0.388768747168218,1.8570085814766772,-0.21289379485391002,4.261166409145605,0.9105523457451603
EQUAL,lf,2025,-0.11105770778026991,0.36226625133549684,-0.1436705910364213,-0.32988640926192025,-0.3366543896996172,-0.11105770778026991
EQUAL,lf,2026,0.13237003844323425,0.34159484132548706,0.5283502571649853,-0.21001271462642224,0.6302953546345924,0.09358338792791465
WEIGHTED,lf,2024,0.8418471848470102,0.3893772747324214,1.765458561105013,-0.2567562668217519,3.278779502708093,0.8449318008590827
WEIGHTED,lf,2025,-0.053762797305265675,0.37287729890145616,0.0397865504793305,-0.32617193769505204,-0.16482962233106066,-0.053762797305265675
WEIGHTED,lf,2026,0.1718068679344551,0.34864593360695273,0.6214760780524937,-0.2385283695959708,0.7202785489435436,0.12085954683525113
WEIGHTED-24h,lf,2024,1.0911906847862385,0.3935137185255734,2.073865085286887,-0.21874117099856372,4.988501614967597,1.0954216485894945
WEIGHTED-24h,lf,2025,-0.15285385800755458,0.3821764388196167,-0.24190072915777336,-0.35108853829238307,-0.4353712563531749,-0.15285385800755458
WEIGHTED-24h,lf,2026,0.23221985614602825,0.35378403763734867,0.7581026843439279,-0.2328911804494458,0.9971174335493427,0.16215051204695863
"SuperTrend(48,5)",lf,2024,0.7739745743401463,0.3471930587546298,1.8276713899315438,-0.22026121649912078,3.513894032920842,0.7767627418543781
"SuperTrend(48,5)",lf,2025,-0.11619891827346884,0.3298020842162577,-0.20940339643318132,-0.29059200663245055,-0.3998696303454785,-0.11619891827346884
"SuperTrend(48,5)",lf,2026,0.22831979362272214,0.2988983353733257,0.8276176806544291,-0.15352638398365093,1.4871697469734972,0.15950231222535338
buy & hold,lf,2024,1.330316380152956,0.5676915573432392,1.7794750567233164,-0.3197682405536001,4.160251743105695,1.3357238968320857
buy & hold,lf,2025,-0.04770900880940521,0.6112491192695827,0.22741119870213986,-0.4571163055080253,-0.10436951872977458,-0.04770900880940521
buy & hold,lf,2026,-0.12067369034214526,0.5222680872305207,0.01693730481726454,-0.4795884865414306,-0.2516192396785583,-0.08839132269043959
B1 label (hindsight),lf,2024,19.505354342588397,0.39138272330133844,7.950381694049356,-0.06372865850060616,306.0688048596358,19.675757767882295
B1 label (hindsight),lf,2025,10.596429529833388,0.35458728406258805,7.114694985982269,-0.0627093973709899,168.97673991578526,10.596429529833388
B1 label (hindsight),lf,2026,6.500931944728133,0.3553624412049302,5.7972717767516935,-0.09908181766605062,65.61175499059915,3.2634707256496878
EQUAL,ls,2024,0.3889985999504517,0.46211844589637263,0.9394668559931948,-0.40167503259348014,0.9684410739667313,0.3902495777551509
EQUAL,ls,2025,-0.3011981005187173,0.4905790932123231,-0.4846030359856592,-0.4101765053450024,-0.7343133909275897,-0.3011981005187173
EQUAL,ls,2026,0.3391435241166423,0.44929708435966803,0.8643361153552843,-0.29389210057242154,1.1539729154206027,0.233869419753149
WEIGHTED,ls,2024,0.28606913726863437,0.4660911831261077,0.7703455256118709,-0.3464396414075348,0.8257401956265059,0.28695591581697477
WEIGHTED,ls,2025,-0.20132533701299637,0.5030196217422007,-0.19588327595465624,-0.34126845491369573,-0.58993245380359,-0.20132533701299637
WEIGHTED,ls,2026,0.44209483655919457,0.4484393593895607,1.0285173292912755,-0.31527300046011275,1.402260377241301,0.3014199855778854
WEIGHTED-24h,ls,2024,0.6698709625415291,0.4590204325938432,1.3443003501793576,-0.33804123672859787,1.9816249905609782,0.672218419896053
WEIGHTED-24h,ls,2025,-0.3529966701644677,0.49232845053703195,-0.6401404184203292,-0.42257196060068114,-0.8353527992313712,-0.3529966701644677
WEIGHTED-24h,ls,2026,0.5992162985687839,0.4480655074633425,1.2571713599308227,-0.3183090053505987,1.8824987307813748,0.4019699422129275
"SuperTrend(48,5)",ls,2024,0.15237426537530596,0.4622004666422034,0.5370295034835563,-0.3168937999748078,0.48083700402917096,0.15282211889999497
"SuperTrend(48,5)",ls,2025,-0.319115159713806,0.5051831762161801,-0.5093084015389632,-0.38619964756428604,-0.8262958335835526,-0.319115159713806
"SuperTrend(48,5)",ls,2026,0.5190546812164558,0.45331248704197086,1.1360418003685706,-0.24313383793026955,2.134851675254351,0.3510347670097964
B1 label (hindsight),ls,2024,155.3822125809759,0.5280021933297852,9.898618746382791,-0.09012363212805408,1724.1006483204958,157.56189433377816
B1 label (hindsight),ls,2025,115.03061978295872,0.5326414987960704,9.249886625061437,-0.09748492493890382,1179.9836729120038,115.03061978295872
B1 label (hindsight),ls,2026,57.55027296964801,0.4597436895415512,9.025769733121479,-0.09908181766605062,580.8358619703343,17.70575116157718
