coin,net,acc,p
TRX,0.7561176470588236,True,0.8008289405623747
ADA,0.6786821523081445,True,0.7956776394240789
ADA,0.6563512307946475,True,0.7026805746595898
XRP,0.5895078569040455,True,0.4322648534307999
ADA,0.5627917961466753,True,0.8967125909095552
BNB,0.45202726146220584,True,0.7318670241166905
SOL,0.3916977772923378,True,0.4413645463075345
XRP,0.3662561307901908,True,0.5084827581809718
DOGE,0.3590546489343167,True,0.38533628743608905
DOGE,0.35121420283128324,True,0.6928194273684602
LINK,0.32126820603907635,True,0.36848355770470825
ETH,0.288993601352167,True,0.8080455521647403
LINK,0.2828484848484849,True,0.7864300092336406
DOGE,0.28098804485037476,True,0.6276043657679966
AVAX,0.273747508305648,True,0.7920731073603846
DOGE,0.2712914971381284,True,0.6225084502142539
ETH,0.2662825543009737,True,0.6012499142826702
LINK,0.2641141804788214,True,0.8259407758249189
DOGE,0.2632560263144974,True,0.6820912403398964
BTC,0.2550463381167458,True,0.6915718706837234
ETH,0.24719255467558354,True,0.425038065859126
SOL,0.246410174880763,True,0.3847161797220653
DOGE,0.2435067856706199,True,0.666349728145572
ADA,0.24095302013422826,True,0.743794265253154
BTC,0.23746072011978292,True,0.7980757663112633
DOGE,0.2323608124253287,True,0.71817166446701
ETH,0.2253644608666443,False,0.25189638225232247
BTC,0.2249145442495617,True,0.46929540871617875
AVAX,0.2247848810079327,True,0.7070365644694405
XRP,0.22180135149629931,True,0.4391487948345542
ADA,0.2209232386961093,True,0.7034702104540721
XRP,0.2204607234198026,True,0.8942017341780903
XRP,0.22006759443339963,True,0.4708645333485967
LINK,0.21996796338672753,True,0.5987823392332581
ADA,0.21953080273802117,True,0.33243556836922433
BNB,0.21752943454686302,True,0.6975659480861143
ETH,0.21224816591562035,True,0.6287347420090496
SOL,0.2116400986031226,True,0.5681927522786253
SOL,0.21124146195326543,True,0.8219666181195636
SOL,0.21007729468599035,True,0.6065041271241212
DOGE,0.20521692243882206,False,0.19416668581603552
ADA,0.2049956066238594,True,0.465521747682138
XRP,0.20425641835848007,True,0.6969823836650504
AVAX,0.20248877805486298,True,0.5342624228844367
XRP,0.20223183072677076,True,0.7829520108755385
LINK,0.20121886820440538,True,0.4261164452413416
LINK,0.19902564102564102,True,0.46436871389957746
DOGE,0.1965496183206108,True,0.4127053002219273
AVAX,0.1936735496558506,True,0.7272535883278103
DOGE,0.19293589743589745,True,0.49673320557793393
ETH,0.17856125233747489,False,0.27327773796340693
XRP,0.1774567003461176,True,0.38511413923325233
AVAX,0.1773130990415337,True,0.39089315183782763
ADA,0.17330642078038894,True,0.4737279720529404
LINK,0.17291039426523303,False,0.2957564576086491
AVAX,0.17147560975609766,False,0.24130647856266363
DOGE,0.1703991206297426,True,0.5323919638709053
XRP,0.16497210344125457,False,0.23386835180029156
DOGE,0.16287912836227436,True,0.8587345635998022
TRX,0.16048153618906968,True,0.5814183321056635
XRP,0.1583453459902926,True,0.47623830046550675
AVAX,0.1582671118530885,True,0.6675721261695902
ADA,0.15703197925669832,True,0.612996392665499
DOGE,0.1565781060649778,True,0.6090636840283362
DOGE,0.15322007229428025,True,0.724742145850312
LINK,0.15274696779590125,True,0.4751084074321785
DOGE,0.15230885593472676,True,0.5616563506145534
SOL,0.1502748375116063,True,0.41709190928618445
SOL,0.14710671173346213,True,0.33379749580958956
ADA,0.14663771243593215,True,0.7385611115789441
ADA,0.14658559346748312,True,0.3984030375654414
DOGE,0.14634404752217423,True,0.47777376058086907
XRP,0.14340034776848554,True,0.5447803934591212
XRP,0.14302815706240835,True,0.623744015519507
SOL,0.14214971773258056,True,0.31935159321452894
SOL,0.14094345094248428,True,0.49129966304622436
SOL,0.13959165595085032,True,0.8287802894106754
AVAX,0.13923989218328847,True,0.5437820539074254
AVAX,0.13863571918591377,True,0.6432665497224346
AVAX,0.13434033828805747,True,0.7820398825591569
SOL,0.13394360293417162,True,0.7405441108881278
BNB,0.13343046357615895,True,0.7736279595376564
BNB,0.1329464485182994,True,0.700301038094141
SOL,0.1320669663826075,True,0.6141067270209022
ADA,0.13075205698145642,True,0.4875140963395153
ADA,0.1302922804949911,True,0.7420592451320502
DOGE,0.12718321043675562,True,0.6400996758296806
ETH,0.126083618366996,True,0.6169297307345202
AVAX,0.12346894539391418,True,0.8200934339110123
ETH,0.12305969397434291,True,0.6525847286013167
AVAX,0.1210726100364452,True,0.7174375730571524
SOL,0.1200559618868684,True,0.7329318782783671
LINK,0.11960898035547252,True,0.7691264576466375
SOL,0.11903367050020774,True,0.7102895360293816
AVAX,0.11890483619344772,True,0.7354999730640523
BNB,0.11878774617067833,True,0.48803450496195605
SOL,0.11738534278959811,True,0.7367695157919213
BTC,0.11736231592203294,True,0.6234183707610202
ETH,0.11702008246234796,True,0.46164899030086487
BNB,0.11618362086059886,True,0.6914866610314544
SOL,0.11600703292688497,True,0.5848396742455529
BNB,0.11481465038845728,True,0.547040355734606
DOGE,0.1134023253136871,True,0.8423445594719491
DOGE,0.11313480392156872,True,0.6298214391798751
DOGE,0.11156811356811369,True,0.7167677419867438
LINK,0.11145646437994738,True,0.45261943134747606
BNB,0.11036721982850572,True,0.38520389765069557
AVAX,0.11032718894009208,True,0.8009182929853531
LINK,0.10927487103905675,True,0.48953986469902055
BNB,0.10803565197602971,True,0.7685910004089934
AVAX,0.10587518573551269,True,0.6076488671645643
TRX,0.10579014308426071,True,0.621100315780812
ADA,0.10424766180321754,True,0.5285421838398113
LINK,0.10342879622344614,True,0.4728234948247912
XRP,0.10308490521661406,True,0.3607748987434844
SOL,0.1030313526425799,True,0.7005594696635025
AVAX,0.10288958990536279,True,0.4823819860038684
TRX,0.10182904353352407,True,0.8249738329345102
DOGE,0.10119557904853438,True,0.6427757353986747
ADA,0.10047153568453226,True,0.8451348003574263
BTC,0.09992188062731233,True,0.4546879275730858
DOGE,0.09916565073254202,True,0.4458462484355646
AVAX,0.09870384407146715,True,0.6626590482236279
ETH,0.09792154318269852,True,0.6772152319005675
TRX,0.0976235423744376,True,0.3919382000566125
ADA,0.09677694859038155,True,0.5501573615536172
LINK,0.09670450339296721,True,0.338670339531594
BTC,0.09631342084055738,True,0.6165266687399393
AVAX,0.09548516530093254,True,0.6587096411186691
BNB,0.0943069455394272,True,0.7686055855486682
DOGE,0.0942469353114983,True,0.8698060493042988
BNB,0.0931043338683788,True,0.757299907440227
DOGE,0.09276619690254484,True,0.8550515121650878
XRP,0.09231565576373457,True,0.5631678774755127
AVAX,0.09176031693628262,False,0.2487931491538569
BTC,0.09142274967924902,True,0.7888130952525395
ETH,0.09139514937740678,True,0.6437984004321086
TRX,0.0910904885805146,True,0.7945810138305937
ETH,0.0907873394887817,True,0.3056318309232396
DOGE,0.09009660746170467,True,0.4889189751479181
XRP,0.08951921903599747,True,0.4509328352737614
LINK,0.08903773584905661,True,0.3622078828181585
XRP,0.0888100570830972,True,0.6592602036997783
AVAX,0.08868454481298516,True,0.7757676724091873
BNB,0.08825866813428718,True,0.5001992923863328
ETH,0.08735221496902823,True,0.8385342283567134
ADA,0.08706882591093112,True,0.5114340958306188
BNB,0.08694367850793316,True,0.49556356112491345
SOL,0.08680190344615868,True,0.4298679524154132
BNB,0.08632148811090623,False,0.2899817383814644
ETH,0.08619500962740934,True,0.3759510601956576
DOGE,0.08603488689016081,True,0.628769116108246
TRX,0.08549447635881569,True,0.6193196208883848
LINK,0.08496133207943801,True,0.7666644001618163
XRP,0.08470973696354434,True,0.33257518104269684
LINK,0.08390308370044042,True,0.30643513664061994
AVAX,0.08381677704194268,True,0.5101362173688794
BNB,0.08277590913093236,True,0.7852018585714459
ADA,0.0827219433848625,True,0.5691695320942595
ETH,0.08249731550689532,True,0.7884760737289623
LINK,0.08099685957828617,True,0.4766336440267135
BTC,0.08088534406377401,True,0.5464143076819373
SOL,0.08069687926761415,True,0.6473714405862292
LINK,0.0800748522652659,True,0.7955875427974558
LINK,0.08004438466711505,True,0.8259333121067024
TRX,0.07941674333026683,True,0.7376714480872856
TRX,0.07940277999680445,True,0.8527578093233674
TRX,0.0791170212765957,True,0.36807240800889274
LINK,0.07850847457627119,False,0.29660078184420063
XRP,0.07767659456844722,True,0.45309819978130195
ETH,0.0770935110427613,True,0.7729502329746892
ADA,0.07656105823519921,False,0.09871429696880983
SOL,0.07638320678874488,True,0.7897518733310005
SOL,0.07528965003722998,True,0.8094035765805649
SOL,0.07525084826008044,True,0.5108758919238754
DOGE,0.07515582450832081,True,0.47470591569812326
BTC,0.07502036170481863,True,0.4122486885428349
BNB,0.07331620624171431,True,0.8696859466967465
BNB,0.07271056439942125,True,0.8665451942800375
LINK,0.07270511140235913,True,0.3098752769557951
ETH,0.07268048491757262,True,0.39860968130917
ETH,0.07253906881716454,True,0.4564636503177345
BTC,0.07196074697480026,True,0.8435772192188687
SOL,0.07117321392224718,True,0.5689797368890879
LINK,0.07110924369747895,True,0.328030720871872
LINK,0.07036231159368533,True,0.7762335274015549
LINK,0.07016494845360821,True,0.6223394624721428
AVAX,0.06992575406032486,True,0.6364931100083454
LINK,0.06980385288966717,True,0.7330991213603079
ADA,0.06971231444699977,True,0.40243193123834603
AVAX,0.06964404223227771,True,0.37024695385485057
BTC,0.06933446442860092,True,0.6431608175484533
ADA,0.0684853086827335,True,0.715875712513086
ETH,0.06828520960190909,True,0.48174690653274715
XRP,0.06746983546617913,True,0.8237067987044985
AVAX,0.06738159879336347,True,0.5532190213712875
AVAX,0.06636342113051197,True,0.6958479090692218
TRX,0.0661608842493091,True,0.6921307401753793
TRX,0.06530462519936209,True,0.5416437026415288
ADA,0.06503629032258074,True,0.3130666471708704
BTC,0.0648186089376388,True,0.6026868421407456
LINK,0.06422073578595322,True,0.4466928500359307
SOL,0.06380419580419572,True,0.6011930652935165
BTC,0.06348028813381235,True,0.6206601198593156
XRP,0.06318074545795072,True,0.5525633591386248
BTC,0.06310828907643184,True,0.5713887931757784
AVAX,0.06302302898943402,True,0.5611088390077597
XRP,0.06263851612449955,True,0.5734925145574515
DOGE,0.06263326071169217,True,0.5335071568388168
LINK,0.06262984723854292,False,0.09118547736010864
LINK,0.06193054459352809,True,0.8905651702863013
LINK,0.0612726714274745,True,0.8187297593035945
ETH,0.06106708413829853,True,0.31353863803445103
BTC,0.060779916207418516,True,0.7912279820514881
ETH,0.0604362828388445,True,0.4574151241709546
AVAX,0.060413951353831985,True,0.38060327799217536
SOL,0.06009325472781546,True,0.3375155578790171
ADA,0.06007858637526153,True,0.4776969126511259
BNB,0.05983692027887244,True,0.7757449024518237
BNB,0.05954742484269393,True,0.481397470258382
BTC,0.05904224906483746,True,0.7038438565885733
DOGE,0.05897560975609761,False,0.2639266590061064
TRX,0.05857596822244293,True,0.6038937750134543
XRP,0.057452601051296126,True,0.5452769238737093
BNB,0.05741947988632168,True,0.4602011451701387
LINK,0.05734560085202056,True,0.5687330825670822
SOL,0.05716334661354572,False,0.22192386125096372
TRX,0.056448857249906226,True,0.4753158631264305
LINK,0.056344357028476066,True,0.6182898912564551
AVAX,0.056316221765913665,True,0.6205830954826567
DOGE,0.05619467888433394,True,0.6888415882313197
LINK,0.055939914163090076,True,0.7687158310130738
DOGE,0.05579665594539529,True,0.5618036837771083
DOGE,0.05484118387220294,True,0.49925164831519847
TRX,0.05455375552282771,True,0.5967519752829626
BNB,0.054517973148549226,True,0.47600973270494673
BTC,0.05443935973260028,True,0.4548074685687241
AVAX,0.054115107913669025,True,0.5575653299552552
TRX,0.05403917301414585,True,0.44901820924934394
XRP,0.05371847507331373,True,0.6180141643356306
SOL,0.05360975609756102,True,0.6459755001661309
XRP,0.05355555555555558,True,0.8953437712074609
ADA,0.05348549810844894,True,0.6661649442317634
XRP,0.053120155877895536,True,0.4874201450079322
BTC,0.05288393091804,True,0.650141142297023
AVAX,0.05228881650380024,False,0.2905872994838435
AVAX,0.05183123181377303,True,0.814549831324405
XRP,0.051352889948205416,True,0.5864028987973867
ADA,0.05070972531551621,True,0.8188565576499534
SOL,0.05057591781235837,True,0.8014232218520133
DOGE,0.05053957463338832,True,0.44277059203090474
LINK,0.05043582263710622,True,0.79242024597318
AVAX,0.050078504095193876,True,0.8010692939226824
SOL,0.04971760887205834,True,0.6140930591433184
BNB,0.049573171813424244,True,0.4858215595627101
XRP,0.049533693579148164,True,0.8236330447248735
LINK,0.04939500734214408,True,0.7901577712248905
LINK,0.04933689839572186,True,0.5871170543355888
SOL,0.049221566975568676,True,0.6121693515439292
BNB,0.04919030805203772,True,0.8529220494598464
ADA,0.048140393100681855,True,0.7352578695536329
ADA,0.047795671257756966,False,0.2708500385628423
SOL,0.04776518709286459,True,0.4527890104145657
BNB,0.04762086417751843,True,0.8191462141371679
XRP,0.04754625607500751,False,0.12314601936362148
BTC,0.04744727880294408,True,0.3408449718185481
DOGE,0.047384016005054264,True,0.8215158608014882
TRX,0.0471341119613371,True,0.7495880502089769
TRX,0.04712891986062728,True,0.574736058469437
BNB,0.046864607004141856,True,0.5949621744739988
DOGE,0.0464642999601117,True,0.8792527627881649
SOL,0.04623813165480306,True,0.39537967596214274
AVAX,0.045989623865110296,True,0.41752189704694476
XRP,0.04581748834581156,True,0.3841819356500746
XRP,0.04572570640937279,True,0.44736515317456815
ETH,0.04559963799404487,True,0.3650942617599199
ETH,0.04539603507165735,True,0.46172189257461616
ADA,0.045384219554030825,True,0.4668808161126735
XRP,0.04528304357314328,True,0.7196688330396822
AVAX,0.045187697493153545,True,0.6945977743248479
BTC,0.044738300745698956,True,0.6577478786409665
DOGE,0.044574770258980934,True,0.34482625822828233
ETH,0.04435435957036482,True,0.5102776471437207
BTC,0.0439535761721872,True,0.5206219543496982
AVAX,0.043636910732196554,True,0.5215209664299997
ADA,0.043597484276729714,True,0.6401601976469129
ETH,0.04359326171875,True,0.3434778518238326
ADA,0.043290322580645135,True,0.46483956097724877
XRP,0.0432488687782806,True,0.44247453948494275
ADA,0.04252255418863493,True,0.662501243201283
ADA,0.04232815145451729,True,0.7961556237763336
SOL,0.04225460851692464,True,0.503372825851237
AVAX,0.04170700121408322,False,0.2697459116367963
XRP,0.04156601358668888,True,0.5107858879837034
ETH,0.041500081606006045,False,0.2423302619018538
SOL,0.041421482206986715,True,0.5671381318384195
BNB,0.04135432548889617,True,0.7658316925995556
DOGE,0.0410584294019114,True,0.46463132170114435
BTC,0.04094182119030565,False,0.2820250288101526
ETH,0.04073324650722232,True,0.6510856735114284
XRP,0.04051700680272097,True,0.5666521948642869
SOL,0.04035785080855514,True,0.4666171816446377
BTC,0.04002289145277893,True,0.31059539100610056
BNB,0.040006927012170124,True,0.36395647533845876
BTC,0.03970750877888163,True,0.42197586677334925
ETH,0.03964176807185282,True,0.3260013437519461
DOGE,0.039411895497498683,True,0.815865929659361
ETH,0.039058481171415194,True,0.45551179192386554
LINK,0.03901838755304099,True,0.3720710998123582
AVAX,0.038990990990990904,True,0.7527503673388591
TRX,0.03846721236089401,True,0.6758246638504062
BTC,0.03764331284483502,True,0.8181636855406438
AVAX,0.03733839964237817,True,0.7331021555190136
BTC,0.03723777810834328,True,0.6849643903832525
XRP,0.03703243540406809,True,0.6108367218782812
ETH,0.036908599812301324,True,0.8729866755573348
BTC,0.0368495548001857,True,0.36087347509733925
BTC,0.03668234145304772,True,0.4986022931605416
LINK,0.03655140186915884,True,0.6128779422684199
DOGE,0.036521788664198196,True,0.6713737954495742
SOL,0.036370965507688036,False,0.23091905297431825
TRX,0.03635284618490098,True,0.49214308959598885
TRX,0.03630480847595763,True,0.7624239453819422
XRP,0.03627361563517928,True,0.4784372015233264
SOL,0.036254672583030834,True,0.6194733905645055
LINK,0.036190954773869466,True,0.8114892052732549
ETH,0.03605196731754279,True,0.7001630617051209
AVAX,0.03575933609958515,True,0.3513508788210802
XRP,0.03571361225692393,False,0.2697792297712236
BNB,0.03539551253849549,True,0.3687251763638073
SOL,0.03504354961608347,True,0.5169865155941518
ADA,0.03503204955561534,True,0.8233509595264463
TRX,0.034818980667838284,False,0.29030744586064533
TRX,0.03469801115086968,True,0.6009795523146524
TRX,0.03467078697981041,True,0.895222308622229
BNB,0.034663324957360686,True,0.6079974915091289
SOL,0.034642148593022615,True,0.7215516850654213
BTC,0.0345831412528399,True,0.5324821611450048
TRX,0.03370850202429154,True,0.7332810453124983
BTC,0.033704785440346274,True,0.4969121948110368
ADA,0.03358875219683655,True,0.7521098254721448
DOGE,0.03341503281462832,True,0.4132815579981097
AVAX,0.03341315345699836,True,0.7203326510206904
TRX,0.03323120478137764,True,0.6239572433263239
BNB,0.03312396694214881,True,0.5016299549133328
XRP,0.033061136756052045,True,0.3431983251712423
LINK,0.033057716973065476,False,0.22276144342979984
SOL,0.03257051961823976,True,0.5648586116623543
TRX,0.032555288461538545,True,0.5612429601168641
XRP,0.03253947368421062,True,0.7215594894753217
AVAX,0.032521158129175776,True,0.7062687558809934
AVAX,0.032443603330809756,True,0.4303967951425643
ADA,0.03243760638994364,True,0.31846112161303913
BNB,0.03212405834268317,True,0.7346034250712633
ETH,0.03212325239530012,True,0.6768719600006157
DOGE,0.032073872154831706,True,0.6583039138648208
AVAX,0.03193157599551322,True,0.48386685756613546
ETH,0.03153227892171495,True,0.4369667243328572
SOL,0.03149935184553443,True,0.6323848898416227
BTC,0.03137127903258197,True,0.6549368139843981
XRP,0.03120276067897776,True,0.6413830235332351
ETH,0.031157984693392926,True,0.43194856955932714
ETH,0.03100183221169095,True,0.7058212675916778
BTC,0.03096137479320582,True,0.8202695868328126
BNB,0.03026857887874823,True,0.7594760597496598
XRP,0.030214765100671226,True,0.7659824155473218
LINK,0.030139577594123113,True,0.8675152610182889
DOGE,0.030094237144670855,True,0.32331305278915035
SOL,0.02985083456581461,True,0.3089372479743318
AVAX,0.029611893583724624,False,0.21836777551326825
BTC,0.029516579608681814,True,0.5588117515808242
AVAX,0.029234256926951918,False,0.289629984628676
DOGE,0.029005221932114855,False,0.19856575154458636
TRX,0.02882916913695266,True,0.3775754155550212
ETH,0.028535734055294304,True,0.5453934315931384
TRX,0.02841825095057038,True,0.6376332855289419
AVAX,0.02828603477285485,False,0.24445035893041575
AVAX,0.028276437033786905,True,0.40471023623869257
SOL,0.02817451157616624,True,0.3486700159250633
LINK,0.02796348986529007,True,0.7762769243702897
ETH,0.02794175728906656,True,0.8085687636331423
LINK,0.0279065420560749,True,0.6649326792431053
BNB,0.02788513692554062,True,0.551737039645632
BNB,0.027874665497482853,True,0.4541377540476162
DOGE,0.027871372382268556,True,0.4075928200841023
ETH,0.027842473745624208,True,0.48401515502596887
DOGE,0.027693547363745852,True,0.683042327508271
DOGE,0.02755107811947699,False,0.2787613193667591
ETH,0.027237067062648057,True,0.39140323215395323
TRX,0.026941233218104266,True,0.6258154269763607
ADA,0.026718869194525485,False,0.27373629977575936
AVAX,0.02662985685071595,True,0.9129418280513811
ADA,0.02660286028602865,True,0.6242502947564145
LINK,0.026557954307273146,True,0.689850819599878
AVAX,0.026491030601477172,True,0.5858349681045146
BNB,0.026206234494660974,True,0.3972752780056573
TRX,0.02617391304347816,True,0.6025671818812834
SOL,0.026142589118198778,True,0.6569864145053076
TRX,0.026131868131868075,True,0.8733244568152423
AVAX,0.026029898558462383,True,0.6725627836147595
ADA,0.025890056588520727,True,0.5730266974446367
XRP,0.02580714252884131,True,0.39580813234280043
DOGE,0.02567497988736922,True,0.608046513850784
ETH,0.025628534138314674,True,0.49569257002090283
TRX,0.02559658805820364,True,0.6417743419419425
BTC,0.025336629825381207,True,0.7305974988125321
XRP,0.025289909187295567,False,0.15088135378489304
SOL,0.025153871940999162,True,0.6245192990136527
DOGE,0.025113092530252068,True,0.7131727770355465
TRX,0.025061855670102995,True,0.7324907822712076
LINK,0.02505061082024418,True,0.6803713552332313
BNB,0.024927784577723378,True,0.6181242779436141
ADA,0.02468987525384403,True,0.384303036017853
TRX,0.02439751552795033,True,0.6726850770778884
SOL,0.02434956587391479,True,0.4493033909128359
BTC,0.024194329208707455,True,0.5966407978614858
LINK,0.02417241747676524,True,0.3971784141944611
LINK,0.024012145748987912,True,0.6722036530257238
XRP,0.023946639772623124,False,0.2857693029809642
SOL,0.02372115384615392,True,0.6505011955106579
AVAX,0.02358901544702774,True,0.4850972998016751
TRX,0.02349306691930053,True,0.783127049055004
ADA,0.023470653377630102,True,0.783187129377813
XRP,0.023024061597690215,True,0.6624231492444214
SOL,0.022610505997518127,True,0.5349331622318549
SOL,0.022542038515735108,True,0.3698615988755174
BTC,0.02254036772869794,True,0.8942631906399745
TRX,0.022535576586049766,True,0.7896292087322023
LINK,0.022454148471615865,True,0.6304925359200234
TRX,0.02242748091603053,False,0.2537044786138975
DOGE,0.02202082593775878,True,0.40701805835983235
TRX,0.022013024013024074,True,0.6492074688401753
BTC,0.02200791579679895,True,0.5462143203642298
ETH,0.021813082641702453,True,0.7258442573753643
TRX,0.0217467018469657,True,0.6803156425282983
BNB,0.021674378106711023,True,0.3654640416949529
ADA,0.021564803208824257,True,0.9036720010462688
TRX,0.021506088926649625,False,0.27154090570868444
XRP,0.021501199040767416,True,0.4189164937931477
BNB,0.02146974519867806,True,0.5934015843806788
BTC,0.02145591426957849,True,0.5725043041935378
ETH,0.021200349980948552,True,0.6897838374755979
ETH,0.02118418475179129,True,0.6005821261058437
TRX,0.020962112514351317,True,0.7255095821448375
TRX,0.020853185595567814,True,0.6514085818445171
BTC,0.02084978750364863,True,0.6450095210327512
LINK,0.02036774335957614,True,0.6064995079615764
BNB,0.020257250945775462,True,0.4389279693422081
BNB,0.020131904018173996,True,0.8842100262834158
ETH,0.02003735144312402,True,0.7892608677285462
DOGE,0.019992626253965584,True,0.5246039150971683
DOGE,0.019954742416947502,True,0.8309258278302949
XRP,0.01977436403354238,True,0.8630716799904887
BTC,0.01967427334717109,True,0.7056490233952454
TRX,0.01966666666666672,True,0.6727522231757633
ADA,0.019612507664009904,True,0.44471898011203514
BNB,0.01949090233939832,True,0.4142579406358862
SOL,0.01933556450347762,True,0.36743752671280794
AVAX,0.019251475796930206,True,0.5802794432175219
BTC,0.019247425987968025,True,0.5195695752637636
SOL,0.019179009847565265,True,0.7024946768491322
BNB,0.01906629860103859,True,0.8431775578501479
TRX,0.018962987225679573,True,0.662059414242261
XRP,0.018876923792253697,True,0.7142266303668872
DOGE,0.01871805430446538,True,0.5015498864460742
ADA,0.018687107499076427,True,0.7828685270669986
BNB,0.0186474190726158,True,0.5607398351054093
ADA,0.01843085476025008,True,0.6873322918060704
BNB,0.01834161649408661,True,0.5430446136377642
ETH,0.018315338611077925,True,0.6465654583740904
LINK,0.018138089758342968,True,0.6347968051458258
ADA,0.017922425952045185,True,0.6800576475640276
ETH,0.017803370348298486,True,0.4143168684299134
TRX,0.017752259792433778,True,0.8494750109534089
XRP,0.017683069224353476,True,0.5299435736367032
LINK,0.01746308724832213,True,0.7009065052747753
AVAX,0.017267414778742385,True,0.6667327748522458
AVAX,0.01723076923076916,True,0.5327869052611903
BTC,0.017230624420760066,True,0.644884147029928
LINK,0.017130929521371074,True,0.6820373716192254
ETH,0.017107893394232354,True,0.335896584796074
DOGE,0.01707605120680067,True,0.46740043430993855
TRX,0.0169905047476262,True,0.7090850972516777
TRX,0.01698211829436036,True,0.7926620554410193
TRX,0.01680877742946718,True,0.4469342250936947
TRX,0.01677832937621404,True,0.6803350810154725
DOGE,0.016772165830989394,True,0.36022008482628043
XRP,0.0167625937303868,True,0.48095999043885895
ADA,0.016625900544719574,True,0.5253162272422276
ADA,0.0165330610962775,True,0.8307092069012777
BNB,0.016505007627511947,True,0.6635245938918811
ADA,0.016408551068883614,True,0.7470831175843311
BTC,0.016400326300779478,True,0.548708411649444
BNB,0.016381656244077947,True,0.8961421377095646
BTC,0.016373995081501835,True,0.7683784726914444
TRX,0.016238993710691707,True,0.47777310234573916
XRP,0.016120300751879757,True,0.8024963975287555
TRX,0.015937219730941532,True,0.5247194280615499
XRP,0.015871326449562906,True,0.4524190289020914
BTC,0.015852907571761943,True,0.3795293595143338
ETH,0.015755281551045774,True,0.49107681664101394
TRX,0.015717744057538674,True,0.3776811067713714
ADA,0.015511520737327091,True,0.8317668835437032
SOL,0.01549121779859486,True,0.39846910488768783
TRX,0.01547720364741645,True,0.6891655699350334
BNB,0.015449445531637187,True,0.5093668719031299
DOGE,0.015220616570327474,True,0.6575360202461938
BNB,0.01503465418920902,True,0.5644087372627773
BTC,0.014853745623461647,True,0.5619467690858665
AVAX,0.014778523489932917,True,0.4422257805374017
TRX,0.014718506998444793,True,0.7102419180232878
TRX,0.014648955012398048,True,0.7822945614171225
AVAX,0.014511558090663403,True,0.5277093634186464
TRX,0.014429353778751432,True,0.5069264410956034
ETH,0.014077449855737447,True,0.37689225827333034
BNB,0.014075728985310844,True,0.5806013549242105
BTC,0.014063901018922744,True,0.545181501264026
ETH,0.014032479415790668,True,0.5306969857039457
TRX,0.014032064128256529,True,0.6386740667183256
ETH,0.013687353149591576,True,0.841927365203037
ADA,0.013598885793871808,True,0.5423408041908867
SOL,0.01355800563518317,True,0.7073768327456916
LINK,0.01354907677356665,True,0.8464645517730068
DOGE,0.01353884711779463,True,0.7272328040988371
LINK,0.013320167564332854,True,0.5418530306201195
TRX,0.013178894109143304,True,0.30093977669011496
ADA,0.01312357063814096,True,0.487907924393779
TRX,0.01295063469675606,True,0.8512101510320491
ADA,0.012913007456503813,True,0.4496973202625142
TRX,0.012749262536873031,True,0.7906709431044675
SOL,0.01272661757794147,True,0.7408772071308253
XRP,0.012558278325345952,True,0.7138767962080047
BNB,0.01251278507256415,True,0.665422328955562
BTC,0.01237093275488066,True,0.7990320097266146
XRP,0.012335664335664466,True,0.8329142401238011
TRX,0.012281373442722511,True,0.6694313630480602
SOL,0.012050839552238736,True,0.434444079825127
XRP,0.012016018306636013,True,0.6744875446545564
XRP,0.012013234721681478,True,0.625616667853936
ADA,0.011910355486862702,True,0.43488772149308685
TRX,0.01188888888888884,True,0.6278973186964081
ETH,0.011884319273540724,True,0.7149780123196106
TRX,0.011879003558718628,True,0.4853233252627586
ETH,0.011840366008459837,True,0.342760837188608
DOGE,0.011839189480491676,True,0.5227380788644905
AVAX,0.01162088535754813,True,0.3840649630184057
DOGE,0.011465920861818859,True,0.7216775644654594
ETH,0.01144966635432443,True,0.3853902164298144
ETH,0.01144188297176796,True,0.8483466901114911
LINK,0.011377926421404673,True,0.4767856102485386
LINK,0.011254786450662692,True,0.8029682830756724
LINK,0.011219284603421366,True,0.6427401147792954
DOGE,0.011161540592962151,True,0.6251658517935434
BNB,0.011029827315541587,True,0.8327904321757922
ETH,0.011020292982528936,True,0.40504506795618284
BNB,0.010949600044750209,True,0.6243037091276609
ETH,0.010920277203543273,False,0.2847216875848153
AVAX,0.010917115177610405,True,0.7224359941540013
AVAX,0.010889366272824887,True,0.6894811661232264
XRP,0.010648260249028098,True,0.4819886981831512
XRP,0.010610870570431754,True,0.45449367874370833
SOL,0.010579239302694223,True,0.4210788525945325
AVAX,0.010536564981195264,False,0.22109344652200627
LINK,0.010479397221568211,True,0.6090607488786192
BTC,0.010434701520310565,True,0.841455845058064
TRX,0.010380615493456037,True,0.6434703933556948
BNB,0.01001578192252506,True,0.7473743446921806
LINK,0.00996873473375648,True,0.833457926238186
LINK,0.009924312745448029,True,0.6967127893206417
BTC,0.009671978056229992,True,0.48440045334368
DOGE,0.009646866992778948,True,0.5825126252651099
ADA,0.009587485515643037,True,0.7133432828482023
SOL,0.009396571204008499,True,0.34364865618644924
AVAX,0.009363636363636465,True,0.7001362124243721
BTC,0.009332880604885798,True,0.6812730637869499
TRX,0.00917922827262885,True,0.814304648127455
BNB,0.008953196922353303,True,0.7930289983184875
BNB,0.008927338153246868,True,0.8526971466616996
BTC,0.008783073128936227,True,0.41278212387266927
SOL,0.008747474747474728,True,0.5278779829370824
BNB,0.008687022900763177,True,0.6831425539154145
TRX,0.00868566340160304,True,0.5165676005284235
LINK,0.008552147239263787,True,0.6242392930037033
DOGE,0.008513167482044228,True,0.8740396389948947
AVAX,0.008494752623688042,True,0.5101205189792004
TRX,0.00846954314720816,True,0.6956917752085049
BTC,0.008357272357812697,True,0.376457711805095
SOL,0.008287057901440244,True,0.5260359741180685
XRP,0.00818979089196903,True,0.7152123373473747
TRX,0.008148061886541493,True,0.44460947601361134
TRX,0.008084033613445342,True,0.7466721363937181
ETH,0.008044796353419594,True,0.512650845306578
TRX,0.00797683947977901,True,0.634178106158449
AVAX,0.007966777408637828,True,0.6675581225276984
ADA,0.007944751381215422,True,0.46233099965134106
TRX,0.007870450339296788,True,0.7784191485318134
TRX,0.0077521332791548065,True,0.8375074273435787
BNB,0.007720534629404698,True,0.6183221231659471
LINK,0.007683666881859176,True,0.4445121189507819
ADA,0.007663250366032106,True,0.6623736291585706
TRX,0.007547274407144979,True,0.7353374666818454
ETH,0.007406507845947987,True,0.8027804419344727
BTC,0.007298360612682854,True,0.48362409117790833
BTC,0.007215600972777738,False,0.13613553585705054
SOL,0.007150326797385588,True,0.555217396895171
BNB,0.007108897379912717,True,0.6900906519622519
ETH,0.006933581864377649,False,0.29129585201221675
ETH,0.006822083529260949,True,0.5058617346693628
TRX,0.00679120879120876,True,0.5189465828687821
ADA,0.006704061895551174,True,0.7605129110282974
TRX,0.006677685950413405,True,0.6147618235423469
AVAX,0.006663366336633782,True,0.8518405476739385
LINK,0.006574490889603492,True,0.7281495810668184
AVAX,0.006494208494208566,True,0.7253716844818849
AVAX,0.006489722966934732,True,0.815433136417349
TRX,0.006441287087338045,True,0.7950336765404525
LINK,0.006438818565400741,True,0.8316118316651089
TRX,0.006409506398537436,True,0.9063949304496564
TRX,0.006249312557286892,True,0.8331743813708302
BNB,0.006225078859003476,True,0.8344379829061603
BNB,0.006216574179109148,True,0.8170346894825247
BNB,0.006146639511201537,True,0.839358837826687
SOL,0.006108716870635968,True,0.5910351061209821
LINK,0.005838745800671898,True,0.3910890256556685
TRX,0.005757166947723437,True,0.39791698584183194
BNB,0.005632774779892104,True,0.5152707208237475
AVAX,0.005564062982402087,True,0.42431677148158614
ETH,0.005552277086316561,True,0.38512121287453704
XRP,0.005552153887835367,False,0.26343513483051684
DOGE,0.005502930832356203,True,0.6267637308920011
ADA,0.005412764418730733,True,0.4340549930201884
TRX,0.0053717948717948456,True,0.5926415681241644
TRX,0.005130124777183333,True,0.46974273507904507
ETH,0.005091484935311199,True,0.4308482589875656
BNB,0.005020487460261293,True,0.7457652057218427
ADA,0.004955177743431351,True,0.5476313429040456
BNB,0.004940926132333658,True,0.7385439826629323
BTC,0.0049308656939710555,True,0.30842805442180077
BTC,0.004791416805144168,True,0.8310423887095333
TRX,0.004720905553590395,True,0.6133725348559116
SOL,0.004642026889496,True,0.49312693947443137
TRX,0.004533575317604345,True,0.5269203520509186
XRP,0.004524659374400166,True,0.5944394171008679
DOGE,0.004511123168746691,True,0.6271788405531717
ETH,0.0041847139233977,True,0.6719652547815592
BNB,0.0041809594750938945,True,0.7736853261587597
ADA,0.004174918603345736,False,0.08749195628051863
ADA,0.004102877070619073,True,0.8210895847968815
LINK,0.004087437742114066,True,0.423369232308769
LINK,0.0037405281285876075,True,0.7385445983699545
BTC,0.0035242632833281124,True,0.7811817679858446
LINK,0.003444646098003769,True,0.7589993630976176
BNB,0.003406839818224096,True,0.9197238937190166
SOL,0.0034066231133138575,True,0.49507745519013163
TRX,0.0032696838189707495,True,0.8426696237443291
BTC,0.0032202125520808273,True,0.7575797391342569
XRP,0.003193006750908724,True,0.578571971605929
XRP,0.0031605504587157735,True,0.3610014523396815
ETH,0.003119333318993391,True,0.591516020002055
BTC,0.0030925565591148913,True,0.5661924535784257
TRX,0.00297677504976779,True,0.7731133005003459
ETH,0.0028848396573675234,True,0.7006447814704505
XRP,0.0028655099605252605,True,0.5764028320185626
BTC,0.00284907554738756,True,0.37442730521622786
XRP,0.002784688995215225,True,0.5598735102489567
TRX,0.002554865424430732,True,0.4545449905722207
TRX,0.002542278127183774,True,0.724023286450067
SOL,0.0025262342921803533,True,0.4716048264028501
SOL,0.002240528328119719,True,0.6182890323752328
TRX,0.0020603248259860613,True,0.3065137537849938
ETH,0.002036621314038813,True,0.5454178423117394
BTC,0.00197582654676798,True,0.8263271986034647
XRP,0.0019561614541565592,True,0.5882950008842834
ADA,0.001943800838057676,True,0.8301333475576274
DOGE,0.0019397776839735776,True,0.6320561538440738
TRX,0.001770197486534954,True,0.5580754574330254
BTC,0.0017376297586311224,True,0.3426825112643542
AVAX,0.0017259959873889858,False,0.26018816022337193
BTC,0.001648223121907268,True,0.6155277052659531
XRP,0.0015874439461882623,True,0.8739885437209391
TRX,0.0014722222222220988,True,0.7124709909590042
BNB,0.0014497444633732055,True,0.4428059251420713
TRX,0.0013549704616731013,True,0.5403432800466565
BTC,0.00111835039354591,True,0.6971984802437635
XRP,0.0010995738086014856,True,0.6622470398079182
BTC,0.001007288438348965,True,0.310028770588599
TRX,0.0009838022165387112,True,0.8786683639182654
BNB,0.0009712776493893144,True,0.5957371494666653
AVAX,0.0009048656499637282,True,0.4224150019574769
SOL,0.0008867602676816428,True,0.5820392251296791
DOGE,0.0008821766197832943,True,0.8528072451498514
ETH,0.0008615003394227844,True,0.6333246883477184
AVAX,0.0008536485935588551,True,0.5518925177308273
BTC,0.000796035268450181,True,0.866629843338684
BNB,0.0007384194089321578,True,0.8709413593903546
LINK,0.0006581605528974705,True,0.5805801702727116
XRP,0.0006173442680161862,True,0.41631234820266455
BTC,0.0005966267968171585,True,0.8843819634165865
TRX,0.0004906600249066102,True,0.7748462577848411
DOGE,0.00043759750390015735,True,0.7683530590930311
XRP,0.00039718950196321497,True,0.5041158519204914
BNB,0.00037983356323212543,False,0.2978166607984305
TRX,0.0003776338443879385,True,0.6423664625117631
ETH,0.0003400424061343905,True,0.6293040306435272
ETH,0.0002951355161475728,True,0.7016181525621591
DOGE,0.0002471910112360493,True,0.6761993061841575
BTC,0.00023932295290230061,True,0.4784092177967227
TRX,0.00021099178774486478,True,0.876098977087075
SOL,6.611570247927641e-05,True,0.6882280795618795
SOL,-2.7901541158390983e-05,True,0.6403271757397831
XRP,-0.00013510153336104662,True,0.638966657001296
BTC,-0.0003630166673234108,True,0.7660731513681925
XRP,-0.00036845683208697015,True,0.762300916752678
LINK,-0.0004025559105431658,True,0.5003910346073793
XRP,-0.0004133852589067715,True,0.48700952947102133
TRX,-0.0006733001658374409,True,0.6126590011293368
BTC,-0.0008740628560124346,True,0.6238738034976082
AVAX,-0.0008938053097342618,True,0.7351741560469531
ETH,-0.0009238008820613413,True,0.3499944906117779
TRX,-0.0009816700610996137,True,0.6398329625156015
AVAX,-0.0009969909729188303,True,0.8719846270201149
BTC,-0.0010988964774285553,True,0.8761610564151543
LINK,-0.001251497005988032,True,0.4613785533349065
TRX,-0.0013534681813982524,True,0.7641906621712434
BTC,-0.0013648751827322041,True,0.8072737865946488
TRX,-0.00136988027725282,True,0.8366427352921165
LINK,-0.0013781094527363074,True,0.5694037872613709
TRX,-0.0013872549019608976,True,0.5913211809905933
BNB,-0.0013981744625364261,True,0.6617713407659102
BTC,-0.0014125455473050757,True,0.7371442685546883
AVAX,-0.001446902654867131,True,0.495451217999403
TRX,-0.0016475149806134386,True,0.5299382918371012
BNB,-0.0016747534779202305,True,0.4630570459212645
DOGE,-0.0017851772287862371,True,0.7063910095860043
ADA,-0.0018196573489630535,True,0.7682461644171751
XRP,-0.0018211890925345902,True,0.606321667166286
BNB,-0.0018502029749689602,True,0.6744108070060527
BTC,-0.001906035021888684,True,0.7384629864525419
TRX,-0.002,True,0.6298661040623912
ADA,-0.002,True,0.6777156941432557
LINK,-0.002,True,0.59328431157365
BTC,-0.002320359369729961,True,0.7271034951852176
BNB,-0.0023530470235858508,True,0.4687711848380232
TRX,-0.002354609929077987,True,0.46688543998992216
ETH,-0.002437049430732195,True,0.8259410965832672
BNB,-0.0024422147333749127,False,0.2914266834074209
BTC,-0.0026365859933972207,True,0.87384915005491
ETH,-0.002678993265805561,True,0.8203074058179601
TRX,-0.0028528784648186294,True,0.33039671308540564
ADA,-0.0028608321377330253,True,0.5480499464674445
BNB,-0.00287983247989587,True,0.5226319661315577
LINK,-0.0028952551477170445,True,0.7407854861155837
TRX,-0.002937793060331371,True,0.7049303074350819
XRP,-0.0029621552277101486,True,0.38668790110363715
SOL,-0.003039021011313812,True,0.731648422069875
BNB,-0.0030491344640671807,True,0.676501826168838
SOL,-0.0031142061281337324,True,0.5198966782682786
ETH,-0.0031444557477110485,True,0.4996329299403084
ADA,-0.0032111425111021035,True,0.8096550840234799
TRX,-0.0032195121951219523,True,0.7580573775183309
XRP,-0.0033254486133769117,True,0.44971719440393454
BNB,-0.0033641667899346733,True,0.8471433739892622
XRP,-0.0033862415525903727,True,0.6279330164099749
XRP,-0.003448808757244069,True,0.6931663287494952
TRX,-0.003460920379839359,True,0.34555934135233213
BNB,-0.003664639221460984,True,0.757075923684019
ADA,-0.0037232890201870355,True,0.7125743742286457
DOGE,-0.0037615072374970176,True,0.40454760991001215
BNB,-0.003847081125747496,True,0.7064537548718306
ETH,-0.0038558809135004184,True,0.7449381944477766
ETH,-0.003928261929719399,True,0.6315533063049406
TRX,-0.003957585644371873,True,0.7221862380630737
ADA,-0.003975850713501703,True,0.7795130871101895
XRP,-0.0040073908481226255,False,0.1663740144430764
DOGE,-0.004121929323430916,True,0.4710917226221815
BNB,-0.004406874939424153,True,0.8687720727937908
BNB,-0.0044280263614290254,True,0.4860863170662881
AVAX,-0.004504173622704609,True,0.4761661103078388
BTC,-0.004577477540631867,False,0.2864858126639095
TRX,-0.00461894369271054,True,0.8311198314073215
TRX,-0.004645502645502673,True,0.7105136549021153
ETH,-0.004653648599295733,False,0.267518636374035
TRX,-0.0046755852842808015,True,0.7738312114760112
BNB,-0.004703841561907394,True,0.5679333702737089
SOL,-0.004781825407338623,True,0.48175954582429786
TRX,-0.004831858407079557,True,0.8532729259634151
BTC,-0.004929238862296346,True,0.7315009381797681
BTC,-0.0050737790902730655,True,0.6489651082252008
AVAX,-0.005082914165179362,True,0.724716527855227
DOGE,-0.005182396799418008,True,0.732897253647357
BNB,-0.0052785757683445605,True,0.4811874905579221
SOL,-0.0053069998162778,True,0.5270205306290555
AVAX,-0.005392705682781938,True,0.5985679392160597
BTC,-0.005450381105682299,True,0.6255129066085365
AVAX,-0.0054762456546928445,True,0.6637125521597733
BTC,-0.005485295124741938,True,0.46533975044323156
BNB,-0.005516260786782466,True,0.7327989956022865
LINK,-0.005543586109142405,True,0.3140940061815798
ETH,-0.005558324054024009,True,0.6780939920829572
AVAX,-0.005620564808110016,True,0.6119529348438708
ADA,-0.0056424768842812095,True,0.8237726082595755
LINK,-0.005673469387755146,True,0.6279607647442335
TRX,-0.005781268179173791,True,0.66387385779425
BNB,-0.005783251900108642,True,0.6866511043110275
TRX,-0.005791069924178658,True,0.6318950453756557
DOGE,-0.005860010293360805,True,0.5887576637183365
DOGE,-0.0058721032560867786,True,0.5211999729445473
TRX,-0.005932785126921634,True,0.5029223961465853
ADA,-0.0059447731755424265,True,0.8591849889186407
TRX,-0.006012401969724522,True,0.31482499673982284
XRP,-0.006044133808079664,True,0.5630467644560941
XRP,-0.006086181277860312,True,0.4904345102937242
LINK,-0.006134160165366385,True,0.5638526398723538
ETH,-0.006155213742651265,True,0.5155861616201602
AVAX,-0.006211332312404226,True,0.4846520090215729
DOGE,-0.0063717388238613264,True,0.7613350187753349
XRP,-0.00655089820359289,True,0.47125284018180635
TRX,-0.0067066206463759475,True,0.6464628316408301
TRX,-0.0069122807017542014,True,0.6492185682705206
TRX,-0.006973062577704024,True,0.5886000707568236
DOGE,-0.007060837730160417,True,0.8263985577210805
ADA,-0.0070761421319796,True,0.589220701570332
TRX,-0.007110732538330609,True,0.8667127092738446
TRX,-0.007132850241545861,True,0.7536697624554405
TRX,-0.007134788189987138,True,0.6540744399693259
XRP,-0.007201146375119481,True,0.6953164346624653
BTC,-0.007257126160876702,True,0.42137716397884495
TRX,-0.007312499999999942,True,0.7562630472392381
TRX,-0.007319148936170026,True,0.5042453580939681
TRX,-0.007350960025180873,True,0.7223119144991708
ETH,-0.007429278110315572,True,0.8387206674373109
XRP,-0.007494505494505586,True,0.7267311886797738
AVAX,-0.007506607929515517,True,0.3657102764394706
XRP,-0.007514428161353724,True,0.7664455584368718
XRP,-0.0075257425216515,False,0.2942122676832729
LINK,-0.007543237250554167,True,0.5848115078379416
TRX,-0.007545286506469571,True,0.8051096853963023
BTC,-0.0076017766161489125,True,0.819963588075184
SOL,-0.00773024854953097,False,0.2634091971074786
TRX,-0.007735589331803848,True,0.5812811728551543
BNB,-0.007765199161425483,True,0.3532583869230711
TRX,-0.007784061696658016,True,0.7994508905388708
DOGE,-0.007804212541886011,True,0.7253437927309088
ADA,-0.007822142924218232,True,0.5457781775426248
XRP,-0.007881022393123714,True,0.7857075518685601
BTC,-0.007903006050766657,True,0.7645723533450407
ADA,-0.008127450980392135,True,0.6209800387650439
SOL,-0.008128584643848356,True,0.7121944518411513
TRX,-0.008149116064565696,True,0.6796401157719446
ADA,-0.008187785848802752,True,0.47725139055579663
DOGE,-0.008214507660987856,True,0.4284964095142684
BNB,-0.008300303470114899,True,0.9104769385548778
TRX,-0.008302177115730778,True,0.5564753230181102
AVAX,-0.008401335930976804,True,0.5384502380903339
BNB,-0.008596774193548427,True,0.45122184117202424
ETH,-0.008722008651440237,True,0.6581399209581736
BTC,-0.008751678653864723,True,0.4123501050792632
TRX,-0.008796690307328546,True,0.6503131159171831
ADA,-0.008887283722493032,True,0.4453214110827094
SOL,-0.008908462867012077,True,0.8641998484391405
BNB,-0.009082695252679794,True,0.7094388703422331
BTC,-0.009112478333716865,True,0.8199439730475165
TRX,-0.009224563515954241,True,0.6088289252347766
BTC,-0.00926127300806556,False,0.2600703549135423
TRX,-0.009306812310871602,True,0.5204980009126966
XRP,-0.00943287187587105,True,0.4795920167440719
TRX,-0.009434944237918129,True,0.7226844377866549
SOL,-0.009525754117574612,True,0.3097820251205474
TRX,-0.009596475235490785,True,0.7705056979706644
LINK,-0.009692307692307665,True,0.5375144756159481
TRX,-0.009694998251136731,True,0.7311237947883454
ETH,-0.009702754227304043,True,0.4969493055211712
SOL,-0.009898894154818259,False,0.1503547348476994
TRX,-0.00991788856304998,True,0.370609168148724
LINK,-0.00993650793650802,True,0.7407869403273051
DOGE,-0.00995107033639142,True,0.49927686946854166
AVAX,-0.009951356407857713,True,0.49131042343104636
BTC,-0.009982356502189258,True,0.6375685202767754
TRX,-0.010071025020177536,True,0.5380805547615657
BNB,-0.010074935400516847,True,0.5526782563610921
DOGE,-0.010092738407698974,True,0.3194202846448963
BTC,-0.01021782023490325,True,0.33837059612982556
LINK,-0.010227374719521285,True,0.7308254578361568
TRX,-0.010249312557286781,True,0.516447125422218
XRP,-0.01035421888053467,True,0.6207321367821463
BTC,-0.010370007250618983,True,0.5514683552298134
BTC,-0.01037652504648545,True,0.8479216194537188
ETH,-0.01041664454864488,True,0.3831187489933362
BNB,-0.010445743789642801,True,0.7289127957955445
SOL,-0.01045070422535199,True,0.40173661709591685
DOGE,-0.01045262440354455,True,0.701849625245043
BNB,-0.010590083303025464,True,0.8473622745153483
LINK,-0.010643660232663941,True,0.6595855837175628
SOL,-0.01073568645968592,True,0.8071155301225496
BTC,-0.01083853232315035,True,0.4182976293749245
ADA,-0.010871365204534354,True,0.6809650858390972
TRX,-0.01090292935094772,False,0.1824403465104955
TRX,-0.01091583452211131,True,0.3153726191201212
TRX,-0.010955223880597107,True,0.8131327842342914
TRX,-0.010964143426294702,True,0.4342577458853697
BNB,-0.011055831167808504,True,0.6956650859921883
TRX,-0.011086651053864192,True,0.46548693757618637
BNB,-0.011311606252078497,True,0.37998821043742836
LINK,-0.011349454207254304,True,0.8402710889114573
LINK,-0.011516256938937318,True,0.6788040956232351
XRP,-0.011524512699350396,True,0.33325050908048304
BNB,-0.011565917719958517,True,0.852426670742476
BNB,-0.011573810994441101,True,0.8024630525821125
TRX,-0.011593421653723233,True,0.821168805578836
AVAX,-0.011594882729211274,True,0.5373400652225327
XRP,-0.011595484477892713,True,0.7199329084671579
LINK,-0.011648343277897653,True,0.5754174090931148
XRP,-0.011656265763493432,True,0.5655948708262777
TRX,-0.011696969696969648,True,0.7920474530566428
ETH,-0.011746302092804582,False,0.22105567531286918
TRX,-0.011810791871058044,True,0.7996758098295764
TRX,-0.011843856076035107,True,0.7287647867705661
TRX,-0.011939498703543603,True,0.4747191509679044
TRX,-0.012104011887072883,True,0.6856072446426867
DOGE,-0.012120830321181384,True,0.6349468418715034
TRX,-0.012162601626016232,True,0.7436377756306631
TRX,-0.012173548773189767,True,0.8030378778005298
SOL,-0.01220126826578438,True,0.6832141180091578
TRX,-0.012347682119205337,False,0.27989118704379273
DOGE,-0.012390689941812026,True,0.47764130857919684
LINK,-0.012395261694669422,True,0.5098964101584036
DOGE,-0.012423053341508282,True,0.48426236133026007
AVAX,-0.012493827160493852,True,0.423852052571633
ETH,-0.012571795466300493,True,0.8190254089598487
SOL,-0.01266302118933704,True,0.3128578381935864
TRX,-0.01281582200247222,True,0.5362211721300607
BTC,-0.012832152266573303,False,0.29160964993822786
TRX,-0.012863005431502648,True,0.7710130942278351
TRX,-0.012917775503241356,True,0.8109841278158744
SOL,-0.012928961748633892,True,0.6420304930710989
LINK,-0.013000634651999075,True,0.5043548828500052
BTC,-0.013086994142420092,True,0.5858933461942222
TRX,-0.013135857461024301,True,0.35591927765507186
ETH,-0.013139590207965622,False,0.2711625641765172
TRX,-0.013144130757800852,True,0.31820010613320254
BTC,-0.013175198861082647,False,0.2941236239906977
ADA,-0.013239112110143279,True,0.7003775274178593
BTC,-0.01327515549420488,True,0.35697750365381264
TRX,-0.013275964391691429,True,0.6684566404025426
BNB,-0.013317506992756243,True,0.6889638830669924
ETH,-0.013343121331927053,True,0.40746763567870015
BTC,-0.013364151800619005,True,0.4453590344299397
TRX,-0.013487303506650504,True,0.5556668142457964
TRX,-0.013510289501220905,True,0.8771428609736888
TRX,-0.013524131357767975,True,0.6450055306281531
TRX,-0.013529331976941393,True,0.6654674270031058
ETH,-0.013560140843029587,True,0.6213224016296414
SOL,-0.013668266745439637,True,0.6545166034603879
LINK,-0.013695906432748537,False,0.20224670160950287
ETH,-0.013696594177575848,True,0.39126329730101267
TRX,-0.013711711711711703,True,0.6431323853592199
AVAX,-0.01371698963497081,True,0.3943980489861026
DOGE,-0.013774913237481477,True,0.7450254209241479
TRX,-0.013829319814110728,True,0.6010926292322536
BTC,-0.013924195226172163,True,0.3782408686394895
DOGE,-0.013967349197564925,True,0.46500841656379305
LINK,-0.013970534069981498,True,0.7024235832389243
BTC,-0.013991565872432441,True,0.4293567158194964
TRX,-0.013998064828253385,True,0.6872798185107091
LINK,-0.014048192771084265,True,0.6482869474747569
DOGE,-0.014090186254220647,True,0.4881489035221907
ADA,-0.014095639943741077,True,0.7351627100904302
TRX,-0.014165450121654486,True,0.7067349447333443
ETH,-0.014166695093524416,True,0.5594714156421146
TRX,-0.014175057584731808,True,0.7241064537644004
BTC,-0.01427426188092473,True,0.6022324009512202
DOGE,-0.0142932330827068,True,0.8101945859194771
TRX,-0.014297181895815523,True,0.6341669814674227
BTC,-0.01431824433294193,True,0.5069555007150558
AVAX,-0.014370113805047045,True,0.7864689728474065
ADA,-0.014576687116564345,True,0.7255637608315453
BNB,-0.014682418346073754,True,0.6684259233397691
XRP,-0.01469465132024361,True,0.4813833350831811
BNB,-0.014694969370140141,True,0.3190238696771338
TRX,-0.014793344321481825,True,0.5884858616191869
TRX,-0.014841091492776902,True,0.48129157594497357
BNB,-0.014900833123617561,True,0.5143873796651907
AVAX,-0.014923076923076926,True,0.7442040448450351
TRX,-0.014961762799740817,True,0.7972052298155838
AVAX,-0.014991573033707904,True,0.3087119407576091
LINK,-0.015039014373716684,True,0.8756552401969425
SOL,-0.015046544428772955,True,0.7055840516671877
DOGE,-0.015065278179539064,True,0.31343165031627035
SOL,-0.015085937499999978,False,0.28584650930486255
BNB,-0.015119055428009174,True,0.4828684878190617
TRX,-0.015120455263989861,True,0.6566686155574356
SOL,-0.015193588162761949,True,0.7466461875795262
TRX,-0.015200352009386962,True,0.411245027223402
ETH,-0.015232406048010348,True,0.6802738821955067
BTC,-0.01527306516966753,True,0.3311155307785186
TRX,-0.01531893448524113,True,0.34104643814027
TRX,-0.015329101872421423,True,0.8197736697677318
SOL,-0.015352125213263233,False,0.15759143321279662
TRX,-0.015358501524611599,True,0.6294532817115783
BNB,-0.015370669559735537,True,0.5963506940914672
BNB,-0.015395071936497471,True,0.672822456011763
SOL,-0.015422021617769286,True,0.5386652872926031
SOL,-0.015518221726708912,True,0.8169400235954893
BNB,-0.015545658007288353,True,0.5043571253969902
ADA,-0.015578500707213448,True,0.48419879582347225
LINK,-0.015610545493516146,True,0.6426769506846081
BTC,-0.015646473445533382,True,0.48318143252292084
DOGE,-0.015653818802446318,True,0.8154144203916202
TRX,-0.01570716510903436,True,0.7489426675741757
TRX,-0.015859275053304756,True,0.6823663708974747
TRX,-0.015866231647634677,True,0.5959183971892019
ETH,-0.01588364185870783,True,0.5368553102333938
ETH,-0.0158913503342748,True,0.6187680449786943
TRX,-0.01590644753476622,True,0.640866429043872
BNB,-0.016191729323308146,True,0.5336408219425306
BTC,-0.016192757050580653,True,0.4950909852182188
TRX,-0.016224626930796737,True,0.6081683186784375
ETH,-0.01622481183094271,False,0.1965923194869212
BNB,-0.016241175641166117,True,0.842595359196482
TRX,-0.016343508642883253,True,0.6762035460678493
BTC,-0.016437880873598876,True,0.5599631729567675
XRP,-0.016499681325685134,True,0.6056895932870174
BNB,-0.016512832946555367,True,0.7464889555797076
SOL,-0.016529342057808205,True,0.5569490425685518
DOGE,-0.01655152671755733,False,0.18028039662140444
AVAX,-0.016551804423748595,True,0.6940373556717139
BTC,-0.01656931755260238,True,0.7664582403187229
AVAX,-0.016623955431754767,True,0.7909999173091229
BTC,-0.016688972631482946,True,0.7140697779236421
XRP,-0.016711660191207955,True,0.5669941269366955
ETH,-0.016718891597689245,True,0.708591049324513
TRX,-0.016789623536855425,True,0.6608251179081491
BTC,-0.01679924818658418,True,0.5212448368685598
BNB,-0.016854479869155115,True,0.39459403729527726
AVAX,-0.01685992691839222,True,0.6282766207595814
DOGE,-0.01692907142414668,True,0.4861233227604627
SOL,-0.01697347747263822,True,0.572523710745249
XRP,-0.017008337965536358,True,0.5606370166503334
ADA,-0.017067406819983977,True,0.34168105236961765
BNB,-0.01710859301227574,True,0.6413529309672457
XRP,-0.01716023795816546,True,0.47672007924536747
BTC,-0.01719735807516909,True,0.5698662747843817
BTC,-0.017215386616651118,True,0.6110937043979825
BTC,-0.01722628187849895,False,0.2951239891991756
ADA,-0.01730692756825003,True,0.8529871887139691
TRX,-0.01744776119403002,True,0.524737139434113
BTC,-0.017457917399432366,True,0.4672374628696328
XRP,-0.017471229718946657,False,0.2715550476997243
TRX,-0.017515222482435644,True,0.6710512162072199
SOL,-0.017544741822114185,True,0.623417392947709
TRX,-0.017569917743830654,True,0.5168651580332508
ETH,-0.01761551587892396,True,0.4806862751647796
BNB,-0.017646391550948715,True,0.31699790460618804
DOGE,-0.0177300349556333,True,0.8430925480091345
BTC,-0.017794922150451753,True,0.36337510565943526
TRX,-0.01785851876453015,True,0.5239980566258056
TRX,-0.017878877400295368,True,0.4779118380393726
TRX,-0.017930485155684295,True,0.4117548550761729
ETH,-0.017956322821915283,True,0.7139998268404326
LINK,-0.018020236087689656,True,0.4487067045623171
BTC,-0.018146118476716988,True,0.662352034357082
BNB,-0.018200795258015434,True,0.9087815693085524
BTC,-0.018211941754155192,True,0.4217539160135199
TRX,-0.018217870257037805,True,0.9406604548404055
ETH,-0.018247814685314778,True,0.8058639718181022
SOL,-0.01825219486299967,False,0.2197431082725532
BTC,-0.01827762810590794,True,0.7796762948369667
ETH,-0.018431060250043374,True,0.586852302009784
BTC,-0.01846270491074309,True,0.691931315209686
TRX,-0.01850709805216244,True,0.5958989687280167
BNB,-0.018508774654449445,True,0.6136225654984554
XRP,-0.018605657237936835,True,0.4195842448524608
TRX,-0.01869302407309792,True,0.4233193698542678
BTC,-0.01878389259370239,True,0.4497121302564159
ETH,-0.018825713141107925,True,0.48414632015253556
BTC,-0.01884134120169423,False,0.22586411827157804
XRP,-0.019042520227233628,True,0.5264159419102036
AVAX,-0.019057569296375254,True,0.6143152815395968
BNB,-0.019102787754403994,True,0.7630102507583668
ADA,-0.01912538226299687,True,0.6054917497030731
TRX,-0.019139295730757233,True,0.7381462283809576
XRP,-0.019163504968382927,True,0.7242877513914243
ADA,-0.019175572519083972,True,0.45786818627908926
XRP,-0.019193353184131956,True,0.6426995525111158
BNB,-0.019229597266565812,True,0.4561313475198397
DOGE,-0.019279999999999964,True,0.6583809243195854
DOGE,-0.019300056721497483,True,0.503349191903092
AVAX,-0.019371842694234087,True,0.7695698426709463
BNB,-0.01938839658919911,True,0.4483723707832811
DOGE,-0.0194431441819386,True,0.7490830394570894
BTC,-0.01945487890324915,True,0.5295603747892702
TRX,-0.01946031746031751,True,0.6842650138986431
TRX,-0.01947311827956988,True,0.5508744016078736
BNB,-0.019535508637236076,True,0.826264449775467
XRP,-0.019550208069476938,True,0.7522824343693516
ADA,-0.019596339961288067,True,0.5599852691602608
AVAX,-0.01961485360628412,True,0.5565247940724081
LINK,-0.019647058823529462,True,0.7548565535919053
ADA,-0.019704517704517754,True,0.3987047727465837
BTC,-0.019742283223315504,True,0.3787588254435321
AVAX,-0.019758369723435254,True,0.5624180838608118
LINK,-0.0198947368421053,True,0.8399691145850268
BNB,-0.01991145657316651,True,0.598229273728805
TRX,-0.019915563171833628,True,0.7606343893307865
BNB,-0.01993868232224394,True,0.7220099554397184
BNB,-0.019952461601354887,True,0.7094805320623824
BNB,-0.020034457815479745,True,0.5502762561328584
AVAX,-0.020036072144288597,True,0.35808512301536904
BTC,-0.020078354798169107,True,0.6118583752210589
BNB,-0.020282415203271564,True,0.6821999003089694
XRP,-0.02030029114099552,True,0.6620854630000764
SOL,-0.020324397855485232,True,0.695554136470653
BTC,-0.02034681739070876,True,0.31455373969311456
BTC,-0.02034819563747381,True,0.4403927825481249
TRX,-0.020395303326810055,True,0.7909002052929296
BTC,-0.020420043151179068,False,0.2289577045699332
LINK,-0.020433179723502337,True,0.5750374180724663
AVAX,-0.020438697318007515,True,0.713356031644561
BTC,-0.02044313741203907,True,0.7787358674696174
XRP,-0.020546272011989553,True,0.42313527558602376
AVAX,-0.020595041322314045,True,0.5463439239728863
ETH,-0.020639870026270435,True,0.6807605756737563
TRX,-0.02068271057631421,True,0.4480652032552257
BTC,-0.020748239632270238,True,0.35828023932300923
ADA,-0.020809496501892344,True,0.6058069763428945
BNB,-0.020851608439986347,True,0.747142657430327
ADA,-0.020953323903818877,True,0.731107224788323
DOGE,-0.02097883775613041,True,0.5925079288448374
XRP,-0.020982648672697612,True,0.33925954432857064
DOGE,-0.020989973663540162,False,0.27005910867070154
LINK,-0.02107968574635244,True,0.7992958761497869
BNB,-0.021173634223557225,True,0.46791921819640153
BTC,-0.021230182607292702,True,0.7107036855448932
SOL,-0.021264677071769045,True,0.32378070760055083
BNB,-0.021297775395336394,True,0.6538097629487665
TRX,-0.021335855401429127,True,0.5308179060255622
BTC,-0.021499378747251496,True,0.3311408891528823
TRX,-0.021506808980493064,True,0.4180193059467123
AVAX,-0.021514516896715907,True,0.4999495629182333
XRP,-0.021533527696793064,True,0.30082554277099927
BNB,-0.021618613035885192,True,0.636994570200394
TRX,-0.021656811407395504,True,0.7774813088015698
XRP,-0.02168362394391521,True,0.6299102178429536
DOGE,-0.021765087079789414,True,0.9220365092993494
BNB,-0.021776440240756645,True,0.7667757508367313
ETH,-0.021800980214966903,True,0.4265092538632182
SOL,-0.021820295983086657,True,0.47809261842551115
BTC,-0.021830926450191357,True,0.7226023310229475
ETH,-0.022076011625307368,True,0.6996130893126858
TRX,-0.022078740157480237,True,0.5400381759473385
ETH,-0.022101625259394853,True,0.32179398645626733
SOL,-0.022101807604404722,True,0.6384366917233548
SOL,-0.022135997048126188,False,0.21906131995797679
ADA,-0.02222058823529416,True,0.7554200365159521
ETH,-0.022330715725754513,True,0.466489193138767
ETH,-0.02233111841502755,True,0.5539253674204194
BTC,-0.022349321276236123,True,0.8914356071004372
BNB,-0.022401501550514125,True,0.4712714061415811
ADA,-0.02247162477325737,True,0.6990858041752651
SOL,-0.022498544856383695,False,0.16093082243781406
TRX,-0.0226272958462842,False,0.19766738495769373
BTC,-0.022655924081787626,True,0.4146671164088757
BTC,-0.022691848433609052,True,0.6209329880080362
ADA,-0.022716054942580444,True,0.6544291532310829
ETH,-0.02275167166243941,True,0.4394835946374371
LINK,-0.022755500207555013,False,0.20813777726198832
BNB,-0.022772532188841232,True,0.7140955028148058
ETH,-0.022804432719370604,True,0.7231708244004268
TRX,-0.022923281301892917,True,0.4466581758551724
ADA,-0.022924027524223956,True,0.8027714450723219
AVAX,-0.022947892118355573,True,0.7176345469907963
LINK,-0.023002710027100304,True,0.6631372450162906
AVAX,-0.023026525770972417,True,0.7692503760405953
LINK,-0.023052631578947547,True,0.7894816221505775
LINK,-0.023058965102286444,True,0.5896351592811622
BNB,-0.023060926804394533,True,0.5267738364934392
DOGE,-0.023216713574366832,True,0.7486475738175672
TRX,-0.02322498483929658,True,0.5141575456415077
SOL,-0.02328433691104237,True,0.46363594861060214
SOL,-0.02329355499886121,True,0.8231265667601997
ADA,-0.023353430679855625,True,0.6803555043035637
XRP,-0.02347352832284344,True,0.7155481188721089
BTC,-0.023499788021324464,True,0.6772284517160225
LINK,-0.023517553793884427,True,0.4248647507045278
BNB,-0.023562877350353673,True,0.7879575870596709
XRP,-0.023567247588690776,True,0.5663193259667796
AVAX,-0.02362255665109847,True,0.3283545177055141
TRX,-0.02363461538461531,True,0.7674370833246246
ETH,-0.023665004390114985,True,0.7432305932528712
BNB,-0.023668890918030483,True,0.4663808740005758
BTC,-0.02367113635014373,True,0.4602365146726618
DOGE,-0.023707843607579715,True,0.681851626934919
ETH,-0.02385816876122082,True,0.5912847586161875
BNB,-0.023918566054436763,True,0.4502795991758221
BNB,-0.024021548602592313,True,0.685070182735268
XRP,-0.024032046613255642,True,0.5587477827754803
DOGE,-0.024049611626158818,False,0.2995847881500051
BTC,-0.024055336073599887,True,0.6315423773632693
BNB,-0.02407421503330165,True,0.5473930982680535
BTC,-0.024123979289559783,True,0.8523864284441685
BTC,-0.024230707876243374,True,0.6440695672520612
ETH,-0.02432842655981149,True,0.4272023880926492
XRP,-0.024369452162142813,True,0.7453535054708696
SOL,-0.024515249372084713,True,0.603437214928974
BTC,-0.02474956848255938,True,0.6715697050747038
BNB,-0.024811632325003496,True,0.7238150198418506
XRP,-0.024941842900302102,True,0.6132326770960127
XRP,-0.025109432604981663,True,0.5983108294568761
BTC,-0.025118612457243672,True,0.49629104351386055
DOGE,-0.025156144054244156,True,0.6190336627952788
DOGE,-0.025169517603403135,True,0.6964415921544184
ADA,-0.025172905525846723,True,0.6555408201815586
SOL,-0.025192182410423425,True,0.5106465675961541
BTC,-0.0252723085000085,True,0.5772171524622959
LINK,-0.02535456475583875,True,0.7360842059018656
BNB,-0.025393739703459706,True,0.7651153385549944
LINK,-0.02551313969571245,True,0.7654962452882037
BTC,-0.0255479856741061,True,0.8588816011173003
ETH,-0.02555069350153827,True,0.6256975877363119
XRP,-0.025553885384512087,False,0.25690172442226056
ADA,-0.025558082859463815,True,0.4065938283202407
LINK,-0.02562948960302458,True,0.7955678076498917
DOGE,-0.025631997978010967,True,0.6888807867702307
ADA,-0.025680424919774292,True,0.4157548730341541
BNB,-0.02571024197230265,False,0.19514015161841264
BNB,-0.02577521613832856,True,0.6234649318209737
BTC,-0.025863274861350205,True,0.6319878370856135
BNB,-0.02587845864549443,True,0.7316083306258252
BNB,-0.025927902278698345,True,0.5887728987883052
XRP,-0.02592814539330579,True,0.5179517509451255
ETH,-0.025970920522644825,True,0.846233611677781
XRP,-0.025975323643501413,True,0.65369523079262
LINK,-0.025992928400050408,True,0.5199560899208192
XRP,-0.026016401444889148,True,0.34276470350343474
BNB,-0.026019938616921756,True,0.5122407783881934
SOL,-0.02612280701754388,True,0.7083395464433306
ETH,-0.02625769534635769,False,0.1605540794127357
LINK,-0.026265505984765958,True,0.8033116115967042
LINK,-0.026327784891165162,True,0.8000395422084213
BNB,-0.026390608196917076,True,0.6766867937886147
BTC,-0.026417739868054735,True,0.46064372201714004
ETH,-0.026424062432663042,True,0.5939225050451045
XRP,-0.026435820037372437,False,0.15655377684926852
ETH,-0.026457611747676024,False,0.10560154614978057
ETH,-0.026531531984124834,True,0.31969122513789583
BTC,-0.026547111465770934,True,0.615984320629503
SOL,-0.02663493478987844,True,0.7240865937927844
BNB,-0.02670471761103299,False,0.21027044362420366
ADA,-0.026809160305343527,True,0.8248367148248656
BTC,-0.02687971262731481,True,0.4367653885638714
LINK,-0.02705446623093688,True,0.6367336381221743
ADA,-0.027117739403453744,True,0.821462124805956
SOL,-0.02713841757456692,True,0.564375957008251
ETH,-0.027155200565227244,True,0.8210942313928542
SOL,-0.02723509106058808,True,0.6386821659058466
XRP,-0.027321239606953873,True,0.4788289163840653
BNB,-0.027331519891193645,True,0.6423469595983888
BNB,-0.027354450515250095,True,0.7508610267361807
XRP,-0.027354969574036492,True,0.6887910162808776
XRP,-0.02740937323546011,True,0.7846019975422236
ETH,-0.02743459739017362,True,0.6247101661575847
BTC,-0.027458690985617484,True,0.7349489882350074
AVAX,-0.02753255778818542,True,0.4878630744130642
BTC,-0.027579327211031845,True,0.5628924229852323
ETH,-0.027601539942252118,True,0.6456106349588773
BTC,-0.02763621712905029,True,0.446550316269227
ADA,-0.02765266742338246,True,0.5451425330945795
SOL,-0.027661717236927008,True,0.6748293106660327
ETH,-0.027670807910019857,True,0.7438751391224313
ADA,-0.027701257427110715,True,0.7188569835700305
ETH,-0.027786947677115537,True,0.33474632096999796
LINK,-0.027953389830508435,True,0.39749730398248806
AVAX,-0.027999999999999914,True,0.4210469898980964
ADA,-0.02802952602952613,True,0.3546812271965221
XRP,-0.028042686508713555,True,0.7952906232967097
BTC,-0.02807079367992049,True,0.6546275839470779
LINK,-0.02808695652173898,True,0.8368518116610163
ETH,-0.02813617446312633,True,0.3700971539040254
AVAX,-0.028136363636363737,True,0.6748847187706398
BTC,-0.028160822100812277,True,0.44666018608526503
DOGE,-0.028215033598999906,True,0.8778339213046447
BNB,-0.028256040997697185,False,0.2981830868563538
BTC,-0.028292345480100067,True,0.4139106706797031
SOL,-0.028327998144281996,True,0.8539935762465903
ADA,-0.028386006522383544,True,0.6281884386943435
BTC,-0.02851600973906898,False,0.24108570403183063
DOGE,-0.028530108588351477,True,0.4659737029470414
BNB,-0.028557377049180377,True,0.7683693411932999
BNB,-0.0285800579651192,True,0.6580422336879693
ETH,-0.02860550458715605,True,0.7500560923472894
DOGE,-0.02861831120843028,True,0.6960043842007827
BTC,-0.028645921212753778,False,0.180511883493479
XRP,-0.02873038892551083,True,0.614824752757089
AVAX,-0.02876258992805758,True,0.8559165249293051
TRX,-0.028825014533676585,True,0.4908536712485252
ADA,-0.02882660850599794,True,0.36704635075044356
SOL,-0.028886250478743825,True,0.5532143019162844
SOL,-0.02895223198171093,True,0.7281877130975585
ADA,-0.02908933717579254,True,0.5237770869110486
SOL,-0.029097694318992118,True,0.8626084715615161
BTC,-0.02910960883476099,True,0.8325782513682003
XRP,-0.029117450255326638,True,0.6305023559743249
BTC,-0.02924960275971622,True,0.8059581311419799
BTC,-0.029400360896109645,True,0.4551024022491658
ADA,-0.029547434996486377,True,0.31376564650998245
BTC,-0.029601275593116427,True,0.6468326553275303
XRP,-0.02962528776341411,True,0.5585944065487736
SOL,-0.029643236857649136,True,0.8547202222157265
BTC,-0.02966805395927563,True,0.5741739334546879
ADA,-0.029710843373494056,True,0.6127779355827502
SOL,-0.029738504005924815,True,0.6297626898535091
XRP,-0.02974308315355212,False,0.27279552572500515
ETH,-0.02979201888569616,True,0.6844783304085319
SOL,-0.029814923776410818,True,0.6978765549928387
DOGE,-0.029881636577288817,True,0.5918778417054551
BNB,-0.029912418519137396,True,0.755560206361563
BNB,-0.029938279711096638,True,0.4029755663244477
BTC,-0.029963344360760202,True,0.7259328843825661
LINK,-0.030045574057844027,True,0.6289172844141956
BTC,-0.030089188526420174,True,0.5999679232538683
BNB,-0.030130247189100734,True,0.44473937608674113
ETH,-0.03019603753910316,True,0.30504085432985933
ADA,-0.03024463118580767,True,0.6831707520358969
SOL,-0.030291401434778154,True,0.7161786264389547
ADA,-0.030314782269088125,True,0.8288702104081449
SOL,-0.030317324795446576,True,0.5246547710787486
ADA,-0.030341133645345852,True,0.5447178876917111
BNB,-0.030401663695781345,True,0.5902617340819072
BNB,-0.030423031942947487,True,0.3775264155084076
ADA,-0.030455832771409286,True,0.4906555207960333
XRP,-0.030465998945703898,True,0.6358924728968414
ADA,-0.03054383517544801,False,0.2492683640450879
ADA,-0.030595458368376738,True,0.6430133548165861
DOGE,-0.03060858257477239,True,0.5804236928385509
DOGE,-0.030625954198473138,True,0.6472575204233462
AVAX,-0.03062985685071573,True,0.3496223401471374
BNB,-0.03065578325807572,True,0.42822538489919215
XRP,-0.03069669190912716,False,0.15793763286249637
LINK,-0.030765557531114984,True,0.7447575307125415
ETH,-0.030782339928142277,True,0.4895708343141593
LINK,-0.030818443804034645,True,0.71965639817271
SOL,-0.03093674293405113,True,0.5506461509256555
ADA,-0.030954035468693464,True,0.3987993702673641
ADA,-0.030963179787398043,False,0.18026802499008396
AVAX,-0.031058116232465016,True,0.5275363427013793
LINK,-0.0311693088142041,False,0.18144963900015096
BNB,-0.03124350463076786,True,0.7599899354591214
BTC,-0.03132111184432884,True,0.7239299553218099
ETH,-0.031384220505942695,True,0.7312079644060294
AVAX,-0.03143384892626522,True,0.5328959350340332
AVAX,-0.031491423412578934,True,0.8469286267940583
BNB,-0.03160085494732923,True,0.7907516408074929
ETH,-0.03168650896412484,True,0.7119092979943524
BTC,-0.031745246435740504,True,0.5788594025715902
XRP,-0.03180831708901899,True,0.414146775124919
ADA,-0.03202309468822173,True,0.5188855274903065
SOL,-0.032150150150150214,True,0.6314815925848074
ADA,-0.03216883476335464,True,0.3409409980728428
ETH,-0.032195766422567496,True,0.8005763504035043
TRX,-0.032236907730673225,True,0.316456908318329
LINK,-0.03229553604550517,True,0.5550171869270487
XRP,-0.03233838973162195,True,0.7639243353296271
BTC,-0.0323490038510903,True,0.7618119003569341
BTC,-0.03235506000484223,True,0.6520953478869457
XRP,-0.032468693053429476,True,0.8749041786198343
ETH,-0.03249866972589033,True,0.7009110127636383
ETH,-0.032530863171886804,True,0.700779475410941
ETH,-0.032629953893177355,True,0.8524502353651849
DOGE,-0.032751223664609364,True,0.8894258125477219
ETH,-0.032806768988587254,True,0.4401052312298199
ADA,-0.03280872913992294,True,0.5760421252556701
BTC,-0.032844889654092935,False,0.2518340694659938
XRP,-0.03300282485875694,True,0.6192473106079011
BTC,-0.033052027640620874,True,0.7312561127878591
ADA,-0.033053459119496975,True,0.8385138735141462
BNB,-0.03310448255862142,True,0.6684032290173497
SOL,-0.03322099960228031,True,0.616846496199646
TRX,-0.03333852691218131,True,0.7103884429848497
SOL,-0.03338618451553077,True,0.7707700831538024
TRX,-0.033418753068237605,True,0.6554320199661037
BNB,-0.03350492723357035,True,0.8222725592703884
AVAX,-0.0335542128230949,False,0.25826794430457223
SOL,-0.033623735050598014,True,0.5917179495469753
SOL,-0.03367046160215281,True,0.7718719493908827
AVAX,-0.03367229729729715,True,0.7216303620055929
LINK,-0.03367420814479627,True,0.6069314762784908
ETH,-0.03370826833073315,True,0.3128237356158765
SOL,-0.03376701347433064,True,0.7230336203575515
ETH,-0.03381463237352478,True,0.770764868905275
ETH,-0.0338869124556328,True,0.7270533756548319
BTC,-0.03397208476375302,True,0.7471831971978107
AVAX,-0.033978319783197874,False,0.19267130809334493
DOGE,-0.03399763709756809,True,0.8026832114213297
AVAX,-0.03405870992661264,True,0.8194251289728518
AVAX,-0.034059585492227984,True,0.4892782853986376
AVAX,-0.034103134479272046,True,0.6214875591925543
AVAX,-0.03420088626292461,True,0.5855773140329107
TRX,-0.034337290216946315,True,0.7410856176294786
XRP,-0.03444274809160308,True,0.8462698359434456
LINK,-0.03446239113222482,True,0.6494778367078665
BNB,-0.034472939217318865,True,0.6996126200678602
ETH,-0.03447597637309352,True,0.6250345784661354
AVAX,-0.034479414455626745,False,0.22506784997809584
TRX,-0.03450270855904647,True,0.5736810000663464
AVAX,-0.03451821019771073,True,0.36806997291224813
ETH,-0.03458949831446556,True,0.4079498253667928
BNB,-0.03461390887290161,True,0.679008741796538
DOGE,-0.03469434317299769,True,0.529407578626793
DOGE,-0.03482909559060199,True,0.7649930050760997
TRX,-0.034909498878085365,True,0.5661773937834236
DOGE,-0.03492633528152311,True,0.6540250723147227
AVAX,-0.034940019665683275,True,0.7561691063100312
XRP,-0.03497273907399401,True,0.8381651154451575
BTC,-0.035054034651608834,True,0.6292345040414625
ADA,-0.03543219196548941,True,0.50201191952661
ETH,-0.03544588937880222,True,0.447589586963809
LINK,-0.03547889374090252,True,0.8320765010152139
ETH,-0.035600496865018205,True,0.5151985005542135
ADA,-0.03562704549541462,True,0.6360535266622654
ADA,-0.03573493975903608,True,0.8288368267439902
DOGE,-0.03574392782789726,True,0.7745850138802313
DOGE,-0.03574459559211218,True,0.773438567371023
ADA,-0.03583793410507563,True,0.58855657341054
AVAX,-0.035860671662503396,True,0.3768675335600057
ADA,-0.03592330383480824,False,0.1566551351622617
BTC,-0.03597010106730303,True,0.3898742320507996
TRX,-0.03600204012240715,True,0.5538139920420818
LINK,-0.036018786494034005,True,0.4963922438117382
DOGE,-0.036094192429933614,True,0.3550153365466197
BNB,-0.03610103066547887,True,0.6801103554584057
SOL,-0.036165881244109244,True,0.557228587982552
ADA,-0.03617569193742476,True,0.6641815292065958
DOGE,-0.036176481946321726,True,0.5076413965531125
ADA,-0.03619668150546329,False,0.2580311937994572
ETH,-0.03619809399690488,True,0.7370484120346341
BNB,-0.036332950531949404,True,0.7544504475889848
TRX,-0.0363953656770456,True,0.5998310027032869
ADA,-0.036414556962025335,True,0.9391798222658603
BNB,-0.036421575585521615,True,0.32109342145073105
DOGE,-0.036428728720250714,True,0.453262897460658
DOGE,-0.03645843828715367,True,0.4686438711164801
BNB,-0.03646210641034453,True,0.6710491270498499
SOL,-0.03659448681521371,True,0.78791619524915
ETH,-0.036641600703606,True,0.6625827539373019
DOGE,-0.03664600817731867,True,0.7542698794423488
DOGE,-0.03664799115370443,True,0.32128463606649604
ADA,-0.0367310461668785,True,0.44072659045948015
BTC,-0.03674025220421717,True,0.758226609436964
XRP,-0.03675773597989085,True,0.6259413240703653
DOGE,-0.036777042884574396,False,0.24997452102856485
SOL,-0.036901758014477815,True,0.5734770668165782
ETH,-0.036921316769519374,True,0.3747988945211537
XRP,-0.0369660249150624,False,0.25532246175910367
ADA,-0.037024154589371916,True,0.35002969681222884
BTC,-0.03702818484123138,True,0.3043297686197155
SOL,-0.03703141218246375,True,0.44271746979966525
AVAX,-0.037031847133757956,True,0.5271504862448565
ETH,-0.0371144265065656,False,0.1478019784197021
SOL,-0.037166403343356635,True,0.4681837845713408
AVAX,-0.037235876528829315,True,0.5807682576772417
SOL,-0.03724775596584695,True,0.5262924049175398
ETH,-0.03724793964687434,True,0.6743825297479775
ETH,-0.03727465871499791,True,0.9118378526854538
AVAX,-0.037304906006419,True,0.30423762078894445
SOL,-0.0373133769878391,True,0.42702175021307515
XRP,-0.037402953211172485,True,0.6259886887959346
BTC,-0.0374418805580794,True,0.6230283011451045
ETH,-0.03756521537115298,False,0.29231994104638426
DOGE,-0.037613040396881736,True,0.5390390480512632
BNB,-0.03764589333373558,True,0.5678274361403384
BNB,-0.03778846461096019,True,0.7945500766409417
ADA,-0.037808629292632734,True,0.7193571586184735
SOL,-0.037939139559286406,True,0.5108843381186917
SOL,-0.03797597201135394,True,0.5303245049119745
BTC,-0.03802113462477141,True,0.8380747265134376
DOGE,-0.038138183923574265,True,0.7305803799567326
LINK,-0.03814457831325302,True,0.7746513588492057
AVAX,-0.03815546851461282,True,0.503283080977674
DOGE,-0.03815735340897053,True,0.5175624624734645
XRP,-0.03820258039668789,True,0.48056957541414963
AVAX,-0.03825144620131127,True,0.8613079237212227
XRP,-0.038392034361577454,True,0.6570701715178142
XRP,-0.038399604352126526,True,0.32056118516285925
SOL,-0.03848960739030016,True,0.5499125270506212
ETH,-0.0385427847132539,True,0.7365151306766416
XRP,-0.0385726548129981,True,0.3665404627265721
ETH,-0.03874141386522234,True,0.3476732837913878
XRP,-0.03882516982481243,True,0.857972032526397
ETH,-0.038851816852513044,True,0.4840170520874924
BNB,-0.03892842593242951,True,0.8343084615452245
LINK,-0.039056098816263485,True,0.9059756282391558
BNB,-0.03906538917423941,True,0.38508697857715557
SOL,-0.03910802729433416,True,0.40672401947293857
XRP,-0.039403914731753864,True,0.5211196609010682
LINK,-0.03948920952028612,True,0.7719342857254773
LINK,-0.039629350893697124,True,0.8402216069461361
AVAX,-0.039643678160919404,True,0.332440060924864
BTC,-0.039651346339079185,True,0.5198889080290473
BTC,-0.03967446323374768,True,0.5513850952348416
LINK,-0.039702761946514675,True,0.5810511517626531
SOL,-0.03972782072193459,True,0.6252168542301336
LINK,-0.03973584905660377,True,0.5528352171360664
DOGE,-0.03980519821475448,True,0.8221824654449171
XRP,-0.03986160929018079,True,0.41959138860912976
BNB,-0.03988289843634407,True,0.6077223642284879
BNB,-0.039952338923212705,True,0.705553465775654
DOGE,-0.03996438579047279,False,0.1724875902448815
ADA,-0.040007554296506154,True,0.6662568788205128
LINK,-0.040159371492704765,True,0.5863896572029113
DOGE,-0.04021729150726849,True,0.7148334870184294
DOGE,-0.0403181441590722,False,0.1615668752746211
AVAX,-0.040416307330458645,True,0.6128814527605819
BTC,-0.04043221693114685,True,0.8080717115786937
SOL,-0.04043858183120452,True,0.4755425681593186
XRP,-0.040450743755262364,True,0.8169894259191812
ADA,-0.04047524047025308,True,0.5436392819663115
TRX,-0.04049337748344373,True,0.5638596293352836
BTC,-0.040627565923247344,True,0.745640180856774
AVAX,-0.04074883286648001,True,0.47835143803508623
ADA,-0.04082716756385296,True,0.46942996016259825
ADA,-0.04095754970445986,True,0.5023286835327032
AVAX,-0.04098797179593516,True,0.4581147471331565
XRP,-0.041172868666161544,True,0.31367134165624944
BNB,-0.04158127699649561,False,0.20153753849274197
DOGE,-0.04162131837307137,True,0.7867771078314042
XRP,-0.04163209838267967,False,0.19143328607581653
XRP,-0.04170095385408612,True,0.4387144673749186
BNB,-0.04179541095403849,True,0.554376362303556
XRP,-0.04182973548190938,True,0.6597852952004556
ADA,-0.041917883211678886,True,0.7109315468930538
AVAX,-0.0419191510864072,False,0.22746730011145055
XRP,-0.0419261868813956,True,0.34425441742203566
LINK,-0.04199417206964373,True,0.4613322970471813
BNB,-0.04220148870636564,True,0.5884232394365039
XRP,-0.042247203636549324,True,0.6363269558846115
LINK,-0.04229550033579588,True,0.6694784270843567
AVAX,-0.042421052631579026,False,0.15995265248374355
ETH,-0.04251293975691606,True,0.5037544260381461
AVAX,-0.042513552068473626,True,0.690407900961702
AVAX,-0.04252603327965643,True,0.5980757365751636
LINK,-0.042530007794232216,True,0.5598516668459447
AVAX,-0.04254859868813354,True,0.43077305563717044
LINK,-0.04255714870954519,True,0.6852618750733156
AVAX,-0.04259485530546614,False,0.16781291151152988
LINK,-0.042656205420827376,True,0.4850288008837679
AVAX,-0.042742088032011516,True,0.7610152266643869
SOL,-0.042766317665404174,True,0.6178099123966015
DOGE,-0.042778007799335604,True,0.5795514865498455
SOL,-0.04298859315589354,True,0.5679790864101787
XRP,-0.04308003857280618,True,0.43087519461196394
BTC,-0.043215404759017306,True,0.5964811298881612
AVAX,-0.04330206510325518,True,0.5527647911544084
LINK,-0.04343646408839774,True,0.6582587125748335
XRP,-0.04355674971503021,False,0.10241744223977586
AVAX,-0.04360497482973047,True,0.8593527042232859
AVAX,-0.04362042175360714,True,0.5228196504481535
SOL,-0.043642055522740586,True,0.7476522495150547
SOL,-0.043806970743866636,True,0.3324782830226573
ETH,-0.04381235346477619,True,0.6847911849906357
BTC,-0.043910820834878295,True,0.770599584320456
DOGE,-0.04393899782135069,False,0.21325447001406558
XRP,-0.043976820880052614,True,0.7585792838669377
ADA,-0.04401680672268915,True,0.8463039879450893
DOGE,-0.044057142857142795,True,0.6525191857398172
BTC,-0.04408137766138065,True,0.5279431308516298
LINK,-0.04410526315789476,True,0.46632932872954275
DOGE,-0.04411487720722551,True,0.7030508081154547
LINK,-0.0442587421228221,True,0.6236466028122861
SOL,-0.044386511024643305,True,0.34183571847030786
BNB,-0.04439854633555418,True,0.5909597423169966
AVAX,-0.044508710801393736,True,0.5936377156563779
AVAX,-0.04451170046801867,True,0.3436048485130041
LINK,-0.044607584149978674,False,0.2632237184767764
ADA,-0.04489361702127659,True,0.49893279254262685
AVAX,-0.0448976123027115,False,0.22996319455980968
ADA,-0.04490254237288138,True,0.46402287892858207
ADA,-0.04502925989672979,True,0.4177713739782747
AVAX,-0.045124779073877685,True,0.6885562507905185
ADA,-0.045157769587444996,False,0.1359145840411683
DOGE,-0.045409836065573694,True,0.7858150006331917
LINK,-0.04551125727295724,True,0.49113729086270147
XRP,-0.04551253350149764,True,0.6964578347477842
AVAX,-0.04552806414662092,True,0.32596299153880864
ETH,-0.0458192809568313,True,0.6168780128594031
DOGE,-0.045856332703213654,True,0.7872529726890889
DOGE,-0.045888747129369745,True,0.8233337123359322
ADA,-0.045927648578811264,True,0.37651187382387385
LINK,-0.046137375905554,True,0.7501875790803801
DOGE,-0.04616253338420462,True,0.9132601043416587
ETH,-0.046172377390899855,True,0.46893738215420855
SOL,-0.046218857536132196,False,0.2693889065862627
LINK,-0.046253893159866166,True,0.5524784776418459
ETH,-0.046439524291498,True,0.44035173375024056
BTC,-0.04648987352458955,True,0.672523032647557
DOGE,-0.04658656920968485,True,0.37887343902947845
DOGE,-0.04669234048600268,False,0.18598261789880582
ADA,-0.046776119402985095,True,0.6218188086651654
SOL,-0.04679119892231698,False,0.20105418830731125
SOL,-0.04681933778169456,True,0.6446810812008844
SOL,-0.046916686790630324,True,0.5501555311640489
ADA,-0.04701385041551254,True,0.3726430095641947
AVAX,-0.04702237136465326,True,0.3670886381559066
LINK,-0.04706513320032868,True,0.6807931426068878
DOGE,-0.0471462164606572,False,0.2063277292828404
DOGE,-0.047301258992805684,True,0.6460113517382735
AVAX,-0.04745454545454553,True,0.7544488019205232
XRP,-0.047534995977474015,True,0.6906185238427276
ETH,-0.04753921870193789,True,0.593757613808517
SOL,-0.047732092474838894,True,0.5825451237811744
ETH,-0.04778815812516912,True,0.6956791216457193
SOL,-0.04793009887330424,True,0.610731204220943
LINK,-0.04797177969959021,False,0.2265489024388878
ETH,-0.048055280138948,True,0.6234929506081867
ETH,-0.048057825309537505,True,0.3065827417130239
AVAX,-0.04806830818109609,True,0.5934775202403118
ADA,-0.04807575165950795,False,0.27787194068267923
LINK,-0.04811398963730573,True,0.8532040917079526
BNB,-0.04819498293635438,True,0.5994968940885249
ETH,-0.04821536458173381,True,0.5752496310309656
LINK,-0.048222222222222166,True,0.6753335406994171
DOGE,-0.04828904550596025,False,0.222399882444858
SOL,-0.048420635687373315,True,0.7208971165487268
DOGE,-0.04844808743169393,True,0.6322526671855715
SOL,-0.048469794633488106,True,0.6217144093547365
XRP,-0.04857487676355621,True,0.3863402434959865
DOGE,-0.048674192427926366,True,0.423916059283038
AVAX,-0.04869393319700077,True,0.4071688782143477
DOGE,-0.048725980925558465,True,0.7272212069677824
ETH,-0.04876822984081708,True,0.6649530642847292
BNB,-0.048810913313518056,True,0.6509655783402599
ETH,-0.048856654925819365,True,0.7869422465767125
LINK,-0.048895213454075104,True,0.42787243504663813
ETH,-0.04891844149063462,False,0.2882532288341758
XRP,-0.04913627386438457,True,0.5252074154204962
LINK,-0.04922222222222217,False,0.212788969365991
LINK,-0.049305558167967445,True,0.40093799368541594
XRP,-0.04933067729083662,False,0.23750125743845132
ADA,-0.04936275565123782,True,0.8524775860157326
SOL,-0.04946598092789023,True,0.7768308590875351
SOL,-0.049577747491017066,True,0.35883178264351684
XRP,-0.04960583478674496,True,0.45150938462625606
LINK,-0.04961904761904756,True,0.5023885653504805
DOGE,-0.049655878153260447,True,0.49241757117077656
SOL,-0.04966600920447084,True,0.3217760780759063
LINK,-0.04974897680763979,True,0.3963729511906601
SOL,-0.04994520547945225,True,0.7194070355105995
LINK,-0.05027303474428613,True,0.8620695591434877
LINK,-0.0504727755644091,True,0.7352504848603874
SOL,-0.050496818082071515,True,0.717495747294145
SOL,-0.05060641891891904,True,0.616378996390526
DOGE,-0.050658374403504736,True,0.6129611851037792
AVAX,-0.05068549172346637,True,0.705147669905115
BNB,-0.05068973370939778,True,0.4029487787423387
SOL,-0.05072327949251032,True,0.34517761190231705
AVAX,-0.05079749041477877,True,0.72232238845262
ADA,-0.05085444743935319,True,0.3736082710171389
XRP,-0.05089910218041893,True,0.6587177841812581
BTC,-0.051159554628667836,True,0.5197098397919082
AVAX,-0.051180327868852404,True,0.7051767858930814
ADA,-0.051180327868852626,True,0.795668890496026
BNB,-0.05123377893707193,True,0.8517961827654941
SOL,-0.05127968206656741,True,0.8463331691884499
AVAX,-0.05130966469428011,True,0.8142302616783887
LINK,-0.051382716049382604,True,0.47803666485310653
ADA,-0.05141547135395064,True,0.6511254012278446
LINK,-0.0514505494505495,True,0.6519986062221271
ETH,-0.051654590135060574,True,0.38901996319864407
ADA,-0.05192414839332504,True,0.7321304350242894
BTC,-0.051993130438708235,True,0.5875442030972053
ETH,-0.05201364256480223,True,0.6324515779771721
XRP,-0.05202967088145338,False,0.2858657307122583
SOL,-0.05229147317458738,True,0.40654609486432136
BNB,-0.05229749673914985,True,0.41191149948977707
SOL,-0.0523761586100836,True,0.6172271437907294
SOL,-0.05243792086615906,True,0.7622746518256233
ADA,-0.05245258940495623,True,0.3975048691785482
LINK,-0.052526315789473754,False,0.13929948639666268
BTC,-0.05264720163194636,True,0.6762406901160637
AVAX,-0.05283976395823886,True,0.5400222945512689
ADA,-0.05286239456124886,True,0.6515380053027812
BTC,-0.05289127750441647,True,0.7486238628981381
AVAX,-0.05290390104662224,True,0.48526934942130656
ADA,-0.05318523180197199,True,0.5796432935513076
DOGE,-0.05321879009177932,False,0.2006744468163076
DOGE,-0.053282051282051324,True,0.8196395242607845
SOL,-0.053338382378447124,True,0.5342684045458915
XRP,-0.05349367904018032,True,0.5743453290616652
BNB,-0.0535422204239161,True,0.40226163458524505
LINK,-0.05359165751920958,True,0.5361494404979356
LINK,-0.053615610574905714,True,0.5956023983207518
ADA,-0.053638176638176716,True,0.6906646696782209
ADA,-0.05377761870675257,True,0.4341713084586351
LINK,-0.05381655747468728,True,0.361066407959066
ETH,-0.05389883360169656,True,0.6074606047457748
XRP,-0.0541579123452659,True,0.43503257041219123
AVAX,-0.05418766473379011,True,0.4755283956740989
BTC,-0.054481343255266323,True,0.8495913189965332
ADA,-0.05450757320767419,True,0.7176885557519639
DOGE,-0.05454113877967093,False,0.2966390230758176
LINK,-0.054631578947368475,True,0.7600028944189897
AVAX,-0.05471238485158636,True,0.6690632609229905
LINK,-0.05480528052805289,True,0.3137058419957695
ETH,-0.05513076868300104,True,0.7897413947476487
LINK,-0.05558724534986703,False,0.2075479825771032
SOL,-0.05561488904795975,True,0.6264187753638402
ETH,-0.055688367422812024,True,0.46252414525856056
LINK,-0.05583774110161055,True,0.7241543989131451
DOGE,-0.056014008620689726,True,0.41507814441892704
DOGE,-0.05605069582504962,True,0.6233368480153088
XRP,-0.05616121648136052,True,0.39544266753600726
ETH,-0.056167280782852824,True,0.5122826090914671
DOGE,-0.056223609802073415,False,0.2797322612865592
ADA,-0.05640791387838229,True,0.7375525025662459
XRP,-0.0565930301708758,True,0.5582099201429385
SOL,-0.05663557508167172,True,0.6552696801505112
AVAX,-0.05677528089887629,True,0.3169952268531254
ADA,-0.05712890839275919,True,0.5533998673048973
ADA,-0.057725971370143125,True,0.5950246868510831
AVAX,-0.05781576893052298,True,0.7185536526691868
DOGE,-0.05801779072888302,False,0.23265952807342516
XRP,-0.05827253252521025,True,0.4822831184136399
LINK,-0.05866792595391013,True,0.3951462276162222
AVAX,-0.058944444444444466,True,0.6918488486636829
BNB,-0.05895039804041646,True,0.6699560678531566
AVAX,-0.05896202531645578,True,0.5780027306301085
AVAX,-0.058975894813732554,True,0.3866307788114757
XRP,-0.05907248844563362,True,0.3205585036217602
SOL,-0.059091164941200036,True,0.6274191098256936
SOL,-0.05926900031535798,True,0.8816449537851473
ADA,-0.059274354385067674,True,0.393875929102788
AVAX,-0.059435090479937114,True,0.38027469419718424
DOGE,-0.0595931948961721,True,0.3343394889362093
DOGE,-0.0596778400066873,True,0.5351033412522607
ADA,-0.059885410513880744,True,0.588456770581428
LINK,-0.060058058058058084,True,0.7218395898318157
LINK,-0.06009731299927368,True,0.6029071098955344
SOL,-0.06029228243021345,True,0.7860037563710033
LINK,-0.06052199914566425,True,0.4334174601157633
LINK,-0.0605526315789473,True,0.8180413923162595
AVAX,-0.06070646766169152,True,0.7530861641821927
BNB,-0.061092393078681084,True,0.41127677672027607
ETH,-0.06125273542381482,True,0.6331206665437897
XRP,-0.06164285714285722,True,0.4059003215615543
ETH,-0.06177879996432256,True,0.5831340599179443
ADA,-0.06237646501716587,True,0.5692662611638006
AVAX,-0.06237735849056614,True,0.5053786752253228
XRP,-0.06251697147875224,True,0.4769336890776671
DOGE,-0.06272267153665545,True,0.44675875287065364
BNB,-0.06279165592832348,True,0.7001844987187087
AVAX,-0.06288888888888888,True,0.5832742987198805
SOL,-0.06298091326407329,True,0.7769621834913065
BNB,-0.06314228610961659,True,0.6939655164728686
DOGE,-0.06350723166708949,True,0.37874721262309274
SOL,-0.06356431408493735,True,0.5187498202160646
DOGE,-0.06357931339697798,True,0.4816558706181968
ADA,-0.06378551986935221,True,0.5838947672813667
AVAX,-0.06382531894013732,True,0.7231295792944754
DOGE,-0.0639020821609454,True,0.44349332285975285
DOGE,-0.06399538638985003,True,0.6751959673350044
XRP,-0.0641416395474973,True,0.4591391635850407
AVAX,-0.06426175349428209,True,0.43041063326653717
DOGE,-0.06427827290819421,True,0.7092567274725061
ADA,-0.06484289276807975,True,0.5231554996266605
SOL,-0.06496731137613565,True,0.3390952392713797
LINK,-0.06519845857418116,False,0.28989439486905055
ADA,-0.06529537843268574,True,0.8405739108423111
LINK,-0.06556020942408392,True,0.5823925661380599
SOL,-0.06556736242884253,True,0.7509277888372368
SOL,-0.0655713789992366,True,0.32967748864636365
XRP,-0.06584493008456827,False,0.18193721420290107
LINK,-0.06628001064679268,True,0.6166021879381117
ADA,-0.06685671191553555,True,0.6108485704411222
DOGE,-0.06703785271851337,True,0.6011389427350224
LINK,-0.067180102915952,True,0.5162405450724078
DOGE,-0.06725986713559984,True,0.634379811795514
ADA,-0.06728340080971662,True,0.4109587425780983
SOL,-0.06735343478879252,True,0.6674227740572864
DOGE,-0.06735743973399833,True,0.4042002437585494
XRP,-0.06744788337101426,True,0.5105390278135279
LINK,-0.06748593540705472,True,0.713453629672276
ETH,-0.06766805124121489,True,0.48669588971918265
DOGE,-0.0677960437872096,True,0.36793472986047787
AVAX,-0.06791263650546031,True,0.5702458592246907
SOL,-0.06811396788750146,True,0.5602040293541896
AVAX,-0.06818705035971218,True,0.45639873288358845
LINK,-0.06826047220106635,True,0.7831680801420828
LINK,-0.0683716814159292,True,0.770801477998709
AVAX,-0.06874182638105975,True,0.5778115275206773
XRP,-0.06877630155364178,False,0.17811612696538695
LINK,-0.06891449814126394,True,0.5302448457407828
LINK,-0.06919825529884827,True,0.7541341099063807
AVAX,-0.06934771093454417,True,0.5787410279210652
LINK,-0.06938962044926422,True,0.5619217494552395
DOGE,-0.06968428356102108,True,0.41162699881278536
DOGE,-0.0702607641974311,False,0.24408346305251913
LINK,-0.07028763579927555,True,0.7674982854699537
ADA,-0.07041046277666008,True,0.5808489353891575
XRP,-0.07080182670352109,True,0.7079870608045947
DOGE,-0.07098490955103565,True,0.7171245962304221
BNB,-0.07110591778682585,True,0.4387329229754292
AVAX,-0.07127148194271482,True,0.8001575224317685
DOGE,-0.07150759264212048,True,0.5487817580399719
SOL,-0.07166975666280417,True,0.6099906169731012
XRP,-0.07213908077737874,True,0.5860495538318207
AVAX,-0.07214482638283026,False,0.2563740249397215
LINK,-0.07236896158235062,False,0.2787746254615013
LINK,-0.07281667618503718,True,0.5134172126153966
DOGE,-0.07285799428831585,False,0.28601304990492815
LINK,-0.07294801223241598,True,0.43463318606045187
DOGE,-0.07341926234849483,True,0.5015490237920864
ADA,-0.07392636423405652,True,0.8309864269094117
AVAX,-0.07395767195767189,True,0.49014867758148795
SOL,-0.07408565827175395,True,0.6372163000353888
LINK,-0.07469605037206639,True,0.7878260370676518
AVAX,-0.07481144781144777,True,0.4743338513273611
SOL,-0.07493073509550452,True,0.5417792348874794
ADA,-0.07608936126302757,True,0.31309014991204726
AVAX,-0.0761839762611276,True,0.6817844883641617
ADA,-0.07628348605966084,True,0.7646661333103536
DOGE,-0.07631006661425788,True,0.4557383832365788
DOGE,-0.07638319728515097,True,0.4586312482500618
DOGE,-0.07686054766734285,True,0.3616745772850972
AVAX,-0.07726881720430112,True,0.5203623065671805
SOL,-0.07870355676202401,True,0.5162962397063117
SOL,-0.07898266679577814,True,0.8428069370459347
BNB,-0.07912709526840667,True,0.6960995214918074
LINK,-0.08052616449990202,True,0.7147333004948832
DOGE,-0.08259493567155618,True,0.49371013339508024
ETH,-0.08587325927468248,True,0.6801561660982771
XRP,-0.08691750084182814,True,0.5153751444567997
LINK,-0.0875513307984791,True,0.5527829766324894
LINK,-0.08778745198463511,True,0.5827164327186451
AVAX,-0.0878456821665815,True,0.6537138249808998
AVAX,-0.08959797141539894,True,0.7754743292822145
LINK,-0.08991634391944225,False,0.26832742567312895
SOL,-0.09065745376860945,True,0.632869466591124
SOL,-0.09208663651000537,True,0.6269552560146336
AVAX,-0.09258524173027982,True,0.6485755151638425
XRP,-0.0946855435074142,False,0.29760253239030265
LINK,-0.09588038942976362,True,0.579078165441309
XRP,-0.09708909169926128,True,0.5716284653833716
ADA,-0.09757390739537908,True,0.7437535116273636
SOL,-0.10508048034608786,True,0.4037188276349438
ADA,-0.1055301738097808,True,0.4671444998317419
SOL,-0.11115122156697554,True,0.4487279040286338
AVAX,-0.11564409663150732,True,0.745698251318256
LINK,-0.1160451588212782,True,0.715711034180559
DOGE,-0.12492820935989635,True,0.3354489497059395
XRP,-0.126152012118817,True,0.4844152812973802
DOGE,-0.12855299682902743,True,0.4088897843176413
DOGE,-0.13060607607863162,True,0.635652338565886
ADA,-0.13403732503888022,True,0.6594292291815246
