,y_ret,y_ret,y_ret,y_orc,y_orc,y_orc
,2019-21,2022-23,2024-26,2019-21,2022-23,2024-26
ev_atr_pct,-0.034927817193551924,-0.00704506651632919,-0.016057540420365446,-0.006781300160089043,0.014707229115462406,-0.010936055692049584
ev_down_len,-0.04964136254912349,-0.04430970772358922,-0.006742819366178154,-0.045409528525583,-0.04273561391914732,-0.03219967848988192
ev_flips_168,0.04138546670929788,0.021919394873740616,0.022365723657236658,0.037212768186190015,0.016984659137317726,0.0401089451851907
ev_prev_len,-0.012400623776908037,0.017154105736782888,-0.028430447095168676,-0.0058715288056131465,-0.0029899583930458884,-0.017260090278255702
ev_prev_ret,-0.012850619699934784,0.007980222780940904,-0.034814274499334164,-0.009371991498190568,-0.018428898145879336,-0.02062196646896214
ev_prev_ret_atr,-0.014877385029354206,0.009581009915328287,-0.03471193239064174,-0.004626125729707442,-0.011615171563713556,-0.022634349506172602
ev_ret_p,-0.0057754339669987,-0.017031867453622895,-0.0014434369149893267,0.023428762489432375,0.0062342365086790474,0.03390983209682752
ev_since_prev,-0.03986591854207433,-0.024734215230222067,-0.02369299274388098,-0.03874990332791972,-0.03176150131553218,-0.029067341676725478
ev_up_168,0.027572941666902828,0.024381861709091512,-0.025931329080732646,0.020301312349288336,0.009784502709031084,0.006694149396192062
h1_ad_slope_20,0.007891642821584832,-0.006215449315866373,0.015182070425355465,0.03490692509461968,-0.00813637477445367,0.004349468975141546
h1_ad_slope_60,0.00011028771941190563,0.007462546991602315,0.029321014140373913,0.017078105045079894,0.00734742672993105,0.039269057347956826
h1_adx14,-0.023091111821629262,0.014382703349729686,0.004726171292720682,-0.024237143410372863,-0.01630802016736843,0.00045783883948846693
h1_adx56,-0.0353502495133175,-0.02399811365622051,-0.008919655088023726,-0.021098847845569646,-0.021322017033852392,-0.011845223814067274
h1_atr_roc_14,-0.0061417106131188,0.021743719089745595,-0.009473319539396952,-0.01405355417792209,-0.0008625831953447682,0.0005164248521245529
h1_atr_roc_56,-0.013624580603122105,0.04845311794457996,0.02728466044350375,-0.018791682141236,0.01600791051905981,0.010127320734550804
h1_atrp_14,-0.034751761568068806,0.005631978603624743,-0.011304194437293247,-0.015519538164784907,0.01615920290877415,-0.01047434211627557
h1_atrp_56,-0.03505252326160252,-0.00910775404855868,-0.016512041089403184,-0.006260455253894015,0.013855784010157968,-0.011045943213104925
h1_atrp_z_14,-0.013728797438896545,0.03025965281655707,0.006839440487428128,-0.024816447800706576,0.002847638353641768,0.004048944428842183
h1_atrp_z_56,-0.01979932523850647,0.001929761748902581,-0.01762890497122027,0.010846049495640608,0.030813526096544974,0.0049928301879773596
h1_bb_bw_100,-0.03898367337027131,0.003709898495467212,-0.03297195762655297,-0.020882997442595974,0.0080596457097315,-0.021373820297790558
h1_bb_bw_20,-0.027520327342045736,0.0029838164528721567,-0.013959209359535485,-0.003718129000242265,0.01755301112076424,-0.011828019984959803
h1_bb_bw_50,-0.03421398245919355,0.013981254124707077,-0.009910498329789519,-0.02058249982276994,0.016168175259084316,-0.011425822358530291
h1_bb_bwroc_100,-0.0012875332380879456,0.05006158671971228,0.021865296172341564,-0.033722922148896606,0.010750113237248726,-0.00185181396554146
h1_bb_bwroc_20,0.03403742092674056,0.026484961351327496,-0.014945126195448022,0.04288651241827579,0.004080872434217175,-0.01951162203900403
h1_bb_bwroc_50,-0.005002914024145877,-0.02148521517945645,0.00902867168206567,-0.008344628446332103,-0.023674010380699884,0.009490934047028832
h1_bb_bwz_100,-0.028013501518767248,0.023763656621307083,-0.025734908511875876,-0.015710220726538104,0.015267227531378547,-0.01209630672536427
h1_bb_bwz_20,-0.007548637896074628,0.024837416403709622,0.006196782898061581,-0.01081738526863324,0.002077253792519662,0.004165496496308374
h1_bb_bwz_50,-0.019326384133505792,0.03376648880885136,0.004697884188144208,-0.01552051812921379,0.019323967437174905,-0.0022417674253090714
h1_bb_pctb_100,0.023986061251168644,-0.014726039292594362,0.006361420203349288,0.05481013100214904,0.01936790101455632,0.04015621696787319
h1_bb_pctb_20,0.025551590369150112,0.00939164077174437,-0.00952306034688255,0.03997306102323672,0.014204777498088017,-0.005748403763639831
h1_bb_pctb_50,0.011162837288176686,-0.02061218000956533,-0.004826288572963189,0.03965933727577742,-0.0032343775911528594,0.015053195479515669
h1_bb_since_sq_100,-0.008213667608209407,-0.0162807365825115,-0.016217886985071428,0.006967746417530396,-0.0033841230239171627,-0.0005229344090841304
h1_bb_since_sq_20,0.008136754748442776,0.0005327050864484262,-0.00011886940574834526,-0.0014077890252767178,0.019532497234040935,-0.012909691366405573
h1_bb_since_sq_50,0.009145552765730924,0.007746433714788004,-0.017523225619853144,0.02208959908719088,0.006232689551729065,-0.020319427059794337
h1_bocpd_erl,0.054122939440912066,-0.009841851716278938,0.027300075326334716,0.027275449450269273,-0.01128412277640406,0.006849293837061454
h1_bocpd_p20,-0.0035079589284485735,0.020770154621408632,-0.004239887360113936,-0.0013903305368009322,0.011584851207492752,-0.019736356743560002
h1_bocpd_p5,0.007702180661402602,0.01004357828193081,-0.004822633497652773,0.007729348988836149,-0.0006206391283578583,-0.01704372500407625
h1_chop_14,-0.03093292280669091,-0.02481002968453172,0.015770378634018867,-0.02751140356724535,-0.0017062935158990156,0.013286160743899655
h1_chop_50,0.0302026460958148,-0.01777798855903112,0.015399626864485705,0.04986144308691465,0.015629215457688916,0.0010303698730264044
h1_cusum_age_n_0.25,0.03317130819447878,-0.017296717067136147,-0.004327291334928818,0.05116210047836267,-0.004616738321712555,0.013697037779608734
h1_cusum_age_n_0.5,0.03558625511471947,-0.006147650486682088,0.0008999431079581566,0.04531509397428213,0.014306567265400916,0.005570165894509205
h1_cusum_age_n_1.0,0.028406423399613967,0.020024701484760876,0.0006661772044076475,0.03356420861729825,0.03410359413789943,-0.000164288818502889
h1_cusum_age_p_0.25,-0.04452563127071685,-0.024818045309656978,0.013530135301352941,-0.03996168655347221,-0.0194950608758499,0.01342503129237027
h1_cusum_age_p_0.5,-0.027510209202650238,-0.02233620738025327,0.021872447406644624,-0.036834765458433394,0.001430935178791004,0.01588626378088709
h1_cusum_age_p_1.0,0.003170013072636091,0.003205582081337255,0.03165438243529728,0.014938382116582494,0.031587932745737124,0.013393568433732406
h1_cusum_d_0.25,0.04135334161671689,0.033304254426628876,-0.02083980917328554,0.05151656069893207,0.0334300490818501,-0.018050536480487156
h1_cusum_d_0.5,0.0365846625195787,0.026749142996080333,-0.013737838928776891,0.03758997734628855,0.014992797368440614,-0.011603440269855159
h1_cusum_d_1.0,0.028436271910830868,0.02356026013375412,-0.009628104032978313,0.029242703674429937,0.01130113930285459,-0.0075591455245556105
h1_cusum_n_0.25,-0.023912198833580867,0.0012911836139246624,0.0031889737502025506,-0.025500238599342473,-0.012075545952046907,0.004380156886522268
h1_cusum_n_0.5,-0.011793197372521602,-0.001118847673731993,0.006287683031869107,-0.0119796973650379,-0.0028238152166111252,0.007174151727233347
h1_cusum_n_1.0,-0.004013359991257848,0.0005296992270265033,0.003918558565430663,-0.004686281542991777,-0.00024503798088698625,-0.0005533123415619734
h1_cusum_p_0.25,0.03246253252981823,0.039729445933272656,-0.01594963624054846,0.0442109768394634,0.025381541462158985,-0.008473428298469976
h1_cusum_p_0.5,0.03242307178617532,0.026194728924917587,-0.008747071966843767,0.03333830635732338,0.013083233709305642,-0.005810709523109858
h1_cusum_p_1.0,0.02725599095033615,0.023536547242758443,-0.00815034119333441,0.02702864990863385,0.010408854534068923,-0.008986753361566235
h1_dc_0.5,0.0033933709997935324,-0.0016558945571233386,-0.002613378846966774,0.0028494369372943362,-0.0004294352493323661,-0.0005122401369362928
h1_dc_1.0,0.006690619675329135,-0.0036931992764562827,-0.016327062495431144,0.033902268439602645,0.022007009571331948,0.009695830101803304
h1_dc_2.0,0.0214266778910559,0.001844595731946841,0.0032210748464073236,0.042746844510469284,0.026577648575933255,0.051198595423595505
h1_dc_4.0,0.016447288541004745,0.007215064565860407,-0.008103301963252152,0.005183583941999803,0.008800328697412763,-0.01394269606010623
h1_dc_age_0.5,-0.005630744573641877,-0.012307658395432186,-0.002357364658917893,0.002388109605448774,0.006592821129699389,0.00658209202281701
h1_dc_age_1.0,-0.012347418457914594,-0.013988601781071919,0.03792045284793932,-0.027393691031309952,-0.028178749019229232,0.03719684838249915
h1_dc_age_2.0,0.05713207409715848,0.0029106738736043303,0.01695605328146299,0.04950724738889778,-0.009783883926251014,-0.0017278224044071644
h1_dc_age_4.0,0.008515426115322522,0.01064374821318359,0.021368523762756997,-0.008025878770372252,-0.0013870016014098652,0.001756805431822328
h1_dc_ov_0.5,-0.0069165071373354925,0.011143722830370684,-0.01863738792426678,0.030321955689298186,0.038131870035815085,0.019446526469408476
h1_dc_ov_1.0,-0.006861110324144715,-0.0015122812736294011,0.015837123487513982,0.033926604514447734,0.04371174375462539,0.053747551941614846
h1_dc_ov_2.0,0.0240363989946617,0.014121527564398884,-0.008991008514736332,0.022735184356347915,0.015206586818936718,0.021505096363141463
h1_dc_ov_4.0,0.009875051096603915,0.0011585918149780161,-0.045640130819912916,0.018250998043591204,0.005395785841755041,-0.022609551193945754
h1_dd_12,0.006281670851403742,0.0032089219251394407,0.002374527621245237,0.007892445718532759,0.005306062338652384,0.0058307031623427985
h1_dd_192,0.04283167211950589,0.04632296556754634,0.0021482307846334425,0.04696103413494723,0.04403567653996476,0.03766460654687842
h1_dd_24,0.01862537726039215,0.005447285241363953,-0.005680622697699866,0.023838721664808604,0.009057123551120205,-0.006025679892226576
h1_dd_384,0.040455045743932105,0.02873401216771898,-0.019226649630837422,0.04034242727249837,0.020943940755261625,-0.007063179280018206
h1_dd_48,0.010989880544776676,-0.01943254717863352,-0.006553073282670796,0.0331602696820088,-0.0027696717233595125,0.015341630848604515
h1_dd_6,0.0022813157827994424,-0.001389375021708994,-0.004037110138543243,0.004220417263895548,0.00024503798088704176,-0.00037879421926545476
h1_dd_96,0.022305409723807346,-0.0032242852066294847,0.006855649951848397,0.04418537983755377,0.022574433380608383,0.03995504065993272
h1_di14,0.01548176508918131,-0.0007060429797818846,-0.006590895366318017,0.05171098477513991,0.0065609538165284365,0.023017173451174933
h1_di56,0.02868087793071905,0.023339496458429587,-0.01247969844039526,0.050879854914670286,0.029793153292295593,0.026846652816809202
h1_don_pos_12,0.0062525042395004116,0.003230296925473386,0.0023786594455091903,0.007844680821797456,0.005338857825993304,0.00585612143237535
h1_don_pos_192,0.041417252182376796,0.042596033868688044,-0.003075030750307517,0.05097744919173497,0.04807447174514068,0.03976734843426555
h1_don_pos_24,0.018525807326342347,0.005522097742532761,-0.005556350137144783,0.02383877244606125,0.009258846737405957,-0.005718335810064756
h1_don_pos_384,0.0386332670496391,0.027592119571751894,-0.015913403320079733,0.042235428390250185,0.02965918682042179,0.004469740789441845
h1_don_pos_48,0.011054573196644046,-0.020059435860303676,-0.006078072408631008,0.03493364187243875,-0.0022208113974837573,0.016157650310319793
h1_don_pos_6,0.0022760754570364528,-0.0013907109592298794,-0.004029482155286701,0.004205115019696337,0.00024503798088704176,-0.00037352457791728355
h1_don_pos_96,0.020140409420392524,-0.00047425781991028426,0.004144855402042458,0.04801110783103146,0.028532383378009563,0.04423972404438148
h1_ema20_cross_rate_50,0.015469876275391536,-0.015645498291335935,0.015566330081905444,0.012421185505433807,-0.008340573091859538,-0.0024756465074986522
h1_ema_dist_10,0.037749766270980034,0.027895711373370435,-0.014172633974401716,0.057345050624326155,0.0268007197681297,-0.008510625766810331
h1_ema_dist_100,0.02187895872203849,0.01258119160283111,-0.010463050366937732,0.0547672783486175,0.031137149490494287,0.03480939087285717
h1_ema_dist_20,0.03446238278135516,0.016076004157437596,-0.014754744446669299,0.070006951652684,0.027421977679267573,0.0010251002316782332
h1_ema_dist_200,0.023857566765578597,0.024829066794204158,-0.01814919699584594,0.038090991134469454,0.028960271670391724,0.011684654742398215
h1_ema_dist_400,0.019709422958823275,0.022319508161242285,-0.028593495237277944,0.022964442793039774,0.017443486568700983,-0.0130377126532768
h1_ema_dist_50,0.01832647998024939,0.0007755117308673176,-0.012892880866793133,0.06307593172778725,0.022730366641172783,0.03130693924971473
h1_ema_slope_10,0.03665601460853685,0.03793194199893657,-0.02253528736837751,0.05234272973403409,0.02990762810659897,-0.013793751197293536
h1_ema_slope_100,0.020403256486342558,0.001105488298523305,-0.0017655602912617918,0.0330243669374104,0.018958266814184555,0.03981059049121116
h1_ema_slope_20,0.028103933652895097,0.019385789365402917,-0.01357367837244261,0.05593220788872966,0.030468245305295016,-0.0009829431008926415
h1_ema_slope_200,0.0240894218345844,0.0280072621563634,-0.018152057489567164,0.019678222094743347,0.028705951947804453,0.006524745925792219
h1_ema_slope_400,0.014083887707424192,0.022154519877414347,-0.03219835299128193,0.003551714776943271,0.007223670173927443,-0.02597468216313198
h1_ema_slope_50,0.00697202566638766,-0.019725117495704936,-0.0011086002332890699,0.03809523809523818,0.00899091379365824,0.037203047960555846
h1_ema_x_10_40,0.009402281033345394,-0.017902564732852677,-0.0047509622383045125,0.045180981040081614,0.009389100512599668,0.03590733614670183
h1_ema_x_20_100,0.01926291378131062,0.006526722758230075,-0.0014753790948762169,0.03728656997838309,0.02707236540855751,0.04015187726323344
h1_ema_x_50_200,0.020272198186019996,0.03242721144417515,-0.017985831021100906,0.018586941685474256,0.0272437682386224,0.002875674281608398
h1_er_12,0.022604935223671574,0.003851507872679738,-0.008760738770178356,0.04857216016523136,0.01093327294013402,-0.0006137582276150022
h1_er_192,0.01628775774176372,0.03469964116718194,-0.02864736786902755,0.013729893295110651,0.025404127033629598,0.0009170725840399463
h1_er_24,-0.005514891877562378,-0.0001279160176237415,-0.0007618448277505463,0.0275029388455601,0.010004789378717294,0.009300297021784698
h1_er_384,0.026022998805256936,0.005117308673707965,-0.02496702486404706,0.01201542893653984,-0.0030688531974981115,-0.027902130980965445
h1_er_48,-0.0061285570319045135,-0.01880198466878097,-0.004392923774198976,0.022200848799966977,0.00571322140790409,0.033264766000026036
h1_er_6,0.012029961834378211,0.023606015993844043,-0.034033359713442124,0.0224151120676247,0.023572839396166945,-0.004126904122905395
h1_er_96,0.03578077634459953,0.022049982766405907,-0.014312639250423531,0.04957099732408987,0.043761865159806845,0.024213692016121335
h1_flow_192,0.01843769814096219,0.021889336279520832,-0.020812952315569677,0.011991824600520173,0.010467329506780532,0.01255166573363009
h1_flow_48,-0.0015055791420627296,-0.003232968800515157,0.009752694426169106,0.026011031648536354,-0.003884718292951561,0.052684944262693434
h1_h24_adx14,-0.010338127731248481,0.007515316523676763,0.00894667086205736,-0.0014321213985966086,0.014270368472769857,0.010509524721747487
h1_h24_atr_roc_14,-0.02151333230835717,-0.0349708364839193,-0.035318198143221735,0.005053404619230428,0.0018903813929542768,0.004183475272672932
h1_h24_atrp_z_14,-0.028928235078842512,-0.024044871469451168,-0.004571704631775031,-0.014483280401868581,0.009351045371628564,0.010217524595276029
h1_h24_bb_bwroc_20,-0.010990087240552338,-0.02031293000488954,-0.009230813238364943,0.010511928483188493,0.007872773310166115,0.01919358368469437
h1_h24_bb_bwz_20,-0.022899157101208822,-0.014219051003422689,-0.007544393273390071,-0.0006115895048450226,0.019465668693799065,0.02336063007551703
h1_h24_bb_pctb_20,0.01447165702899511,0.026543074633485597,-0.02171718616410967,0.006680907796749791,0.02176011524210497,-0.006588291600873597
h1_h24_bb_pctb_50,0.011349426049036992,0.01140022283437847,-0.027447072920341653,-0.0015630326297730868,0.010206203173613204,-0.024120698345270586
h1_h24_dc_1.0,0.004102905524908884,-0.009650812650793983,-0.018918193057899546,-0.0037712980333277635,-0.01601471712963992,-0.028055260558966344
h1_h24_dc_2.0,0.004957129443380892,-0.014141566627211999,0.0069708642822862155,0.009857961970121676,-0.0055476970142492865,0.01968133548830664
h1_h24_dc_ov_1.0,0.002488809337828579,-0.019245515925711165,-0.0036792305907555334,-0.00037086061883462307,-0.009883198562443851,-0.0005985692613760807
h1_h24_dd_96,-0.01158666453682633,-0.028758059043094586,-0.016006210449701352,-0.030340071795554646,-0.02457372054284579,-0.0054911212742860815
h1_h24_di14,0.005572295225546919,0.008674242323035042,-0.031856682907914324,-0.006679850089313932,0.0031681678336910046,-0.02546523183632121
h1_h24_don_pos_96,-0.004103805050555853,-0.012146677924166793,-0.01878327310404887,-0.02515369971600656,-0.008673168836119127,-0.0029027974356065633
h1_h24_ema_dist_200,-0.016248277693852786,-0.019704410464131406,-0.005651064262580607,-0.03270890949083188,-0.009099200780161354,0.012689916324294948
h1_h24_ema_dist_50,0.0018140377503687022,-0.003654457088350882,-0.02773312229246322,-0.01230140767936877,-0.0007103626314604039,-0.016146491069817803
h1_h24_ema_slope_200,-0.024608585537893246,-0.0238224378722256,0.009036299665322267,-0.04030907929990496,-0.01572760191971173,0.025348214800500646
h1_h24_ema_slope_50,-0.00782782902706225,-0.018842062794407144,-0.020471600064837836,-0.017265055427943654,-0.016958360869167022,-0.02170131300863659
h1_h24_er_96,-0.006527512255357748,-0.029171531705805165,-0.011292911378726178,-0.04109042113085842,-0.015726364354151645,0.011476658898595393
h1_h24_mom_24,0.0009391264992080206,0.011140049002188235,-0.02945068985573579,-0.0027166072993996537,0.002694180224197318,-0.04097053154562302
h1_h24_mom_384,-0.006368428869939602,0.019524726867573894,0.01629353115236576,-0.02049179449250199,0.030131008690185368,0.02106508131056606
h1_h24_mom_96,-0.012697842205449728,-0.026889082451391877,-0.010903248567369406,-0.04360858661517808,-0.01234595402691463,0.012000833223290819
h1_h24_ru_96,-0.012973390306563914,-0.003848835997638078,-0.01477794622907469,-0.027407425901883165,-0.002652102995156169,-0.0017250325942816391
h1_h24_st_24_4.0,0.007158836575859806,-0.008119828251872296,-0.03008079305599254,-0.004021271845594976,-0.0047869035862174725,-0.027354243270203027
h1_h24_tstat_96,-0.01652316246853114,-0.037499098242173456,0.004338415477177948,-0.03446570593841447,-0.027917622686061738,0.018454593980333778
h1_h24_vol_ratio,-0.03110341345550649,-0.015701273682832362,-0.02539006010215139,-0.014454041322655153,-0.007471183285934546,-0.030530442098110844
h1_h4_adx14,-0.032759499921078516,-0.0017580937774702154,-0.007709507327631426,-0.018718144871595455,-0.015383558694021804,-0.007112155946666254
h1_h4_atr_roc_14,-0.009176646524823862,0.053054086766470165,0.023708725459347657,-0.02224528858881447,0.020409931216106236,0.00788803314046449
h1_h4_atrp_z_14,-0.0181588126318451,0.005837378997458953,-0.02202389465755117,0.00804968562252717,0.029399607444204445,0.0007659578689074298
h1_h4_bb_bwroc_20,-0.02213292402086764,0.0255778597746541,0.025117359700728814,-0.030448132946918782,0.0032708857751739817,-0.00047736751036719927
h1_h4_bb_bwz_20,-0.02354986944211357,0.0332421333319084,-0.011476300809519668,-0.017343859900035397,0.02291971417185823,-0.00592152698087367
h1_h4_bb_pctb_20,0.018184826028711187,-0.01517424633084763,-0.009333155347057365,0.045397889533265845,0.014783339397404616,0.030186675494865867
h1_h4_bb_pctb_50,0.03156661340637601,0.020189355784208662,-0.01078660399007092,0.04863035515209435,0.04282533742225003,0.02563587522233235
h1_h4_dc_1.0,0.03362131244409727,0.02637708439651698,0.003899329690971287,0.053921599747751126,0.036889972996319464,0.038673742865060645
h1_h4_dc_2.0,0.011826840186011878,0.0052281914879405145,-0.03246135949731588,-0.0027867450923130255,0.010736190624698327,-0.021389784211286567
h1_h4_dc_ov_1.0,0.025933297177848535,0.016632088150501323,-0.022507953761708166,0.01998203362822304,0.013505552956667888,0.0025630605580984067
h1_h4_dd_96,0.04537736856654606,0.03270041066719398,-0.01981146168050829,0.03689095191149083,0.016751068637861133,-0.013560027104555283
h1_h4_di14,0.029681056009972395,0.01629843775466311,-0.009498428317616492,0.0518755178028969,0.03192609753501685,0.021993313135107995
h1_h4_don_pos_96,0.03679998076954549,0.029061316860333086,-0.017804189669803683,0.0412430020014557,0.04135634710248781,0.0044570316544256805
h1_h4_ema_dist_200,0.012780944868215016,0.00641250010019534,-0.03364639847948864,0.010270305777252298,0.01159289538363295,-0.020550051363504185
h1_h4_ema_dist_50,0.025724213142610752,0.024998062890594697,-0.020768773579208644,0.035561395126612494,0.0319118655310765,0.00809075934291914
h1_h4_ema_slope_200,-0.0011256954378432438,-0.007115871204935509,-0.03065082588810386,-0.012036500771485548,-0.013749972154774914,-0.033947959501876235
h1_h4_ema_slope_50,0.02391027090872533,0.027628523869195676,-0.019004166785853926,0.014961660641910401,0.026445538452399497,0.0021112663072151427
h1_h4_er_96,0.024862011260044836,0.00654676182104319,-0.024483601425161483,0.010640064140844174,-0.0018040611951418706,-0.028131360379612502
h1_h4_mom_24,0.03379291063530365,0.02576388907443583,-0.012790538758100767,0.04162832730857702,0.04369070514010476,0.019272318326014726
h1_h4_mom_384,-0.019789172940697153,-0.02188065268563516,-0.013218659318376125,-0.026865496775225983,-0.021460624376576365,0.0013759963496884353
h1_h4_mom_96,0.025879364361345636,0.006188062596688471,-0.025477146244330673,0.009329061233432023,-0.005786547167336287,-0.03125501778348966
h1_h4_ru_96,0.013164287629004123,0.01520664281572881,-0.015347979061186012,0.027803154781465667,0.04594678715604961,0.01675931936072428
h1_h4_st_24_4.0,0.031096077804444677,0.03362220755659695,-0.00013825719652543755,0.04289021573401308,0.04624720619574818,0.027412054335581915
h1_h4_tstat_96,0.009100198851082597,0.010852488450820208,-0.019451675136906377,-0.0032271263927041716,-0.004988626772503224,-0.02960081536850606
h1_h4_vol_ratio,-0.02904664866986939,-0.01774792996481145,-0.0076206731059558774,-0.011077675460454461,0.008806516525212915,0.005629216875499443
h1_macdn_16_48,0.009078838833861291,-0.02355859021185297,0.0005682847526149448,0.04003024169353486,0.004191634551840462,0.04093457399289413
h1_macdn_32_96,0.01132313777957572,0.00040412110006438073,-0.004849808188004401,0.025191010696598903,0.024942515079736327,0.02907447119149076
h1_macdn_8_24,0.026056030540807296,-0.02700931682827057,0.004310764037872894,0.058545945239599995,-0.00280679869016065,0.022376757037916084
h1_mkt_breadth_200,0.02426683961939602,0.021850928075795806,-0.01340427357761953,0.05353698395617812,0.03471185761065698,0.012945493929683138
h1_mkt_ema_dist_200,0.024024004273902055,0.021621480806585658,-0.02660894826002519,0.04889911004032377,0.018578952970033535,-0.004838150715462286
h1_mkt_mom_21,0.01785244514956641,-0.00093582423337224,0.0110243428015675,0.056954879859147045,0.025647308666176594,0.0048381507154623415
h1_mkt_mom_252,0.006068860009470489,0.034003617718806556,-0.04336476698100322,0.014871457910758501,0.004960781547402426,-0.043036540933024
h1_mkt_mom_63,0.03171581384242417,0.0023365547240087325,-0.012682793494601552,0.06009846587500356,0.014180026186887185,0.027594941888255065
h1_mom_12,0.028937837632199592,0.030249633285150512,-0.008744211473122432,0.05126161278335195,0.030707095458381906,-0.01116884984807931
h1_mom_192,0.01390575464759447,0.035259398988428114,-0.029013193232707513,0.01079258905345859,0.023747026748742073,-0.0009204823519711192
h1_mom_24,-0.007639554642521973,0.010771998215187484,-0.005583683743814183,0.026147475712693158,0.01954920436910146,-0.002952394060060315
h1_mom_384,0.027602862473609213,0.003957046936828856,-0.02447883393562622,0.01496700034973264,-0.0018578952970033646,-0.027906780664508024
h1_mom_48,-0.005646605290522189,-0.012064851751013295,-0.002867327122883623,0.02462387853692205,0.011841027278420069,0.031099253384814673
h1_mom_6,0.028501864110172748,0.04643919213186232,-0.034629136989044296,0.03207888729627861,0.0377890643756853,-0.02059003864197001
h1_mom_96,0.03620685282406355,0.024351135146111424,-0.01728755272048843,0.04752826883261663,0.04401866001351418,0.019981860034606003
h1_nret_1,0.004518255147097472,0.023038242547472554,0.0035590898544644034,0.01925618374371363,0.01733891227887796,-0.004699125177540453
h1_nret_126,0.03241877157693229,0.035093074767079235,0.000742139204337855,0.049071049699555225,0.04777436209683206,0.025560860327846102
h1_nret_21,0.00798624742493359,-0.0005687753995121114,0.0008686365933427975,0.041063952030422124,0.020776560013266776,-0.00960376636766097
h1_nret_252,0.006888157854633481,0.04416409053381387,-0.03526273634829369,0.00806587905167333,0.014941438397699125,-0.022804837902732356
h1_nret_5,0.030243624560366777,0.025684734776324047,-0.022372715975221724,0.0350942070619058,0.025066271635739934,-0.013743379625582697
h1_nret_63,0.02087498634051177,-0.005443277428801241,-0.011824327545601032,0.0457338331751489,0.02319507250896613,0.037675455808477754
h1_obv_slope_20,-0.006660771164112178,-0.0034500586476571837,0.0007144877650326897,0.02969953412288029,0.003190753405161617,0.010692412274420637
h1_obv_slope_60,0.018471675280576028,-0.006944871202263614,0.005807755751976118,0.03622795072262264,0.0020190882111978947,0.05560463554850448
h1_rel_mom_252,-0.00973384076773498,0.01362389083787341,-0.004101312330952789,-0.012285624697735475,0.010982156779755448,0.003424646918530727
h1_rel_mom_63,-0.0008509355231685611,-0.007060763782199442,-0.004351128782605684,-0.0124759416738352,0.009392503817889808,0.0028570755474381926
h1_rsi_14,0.026573269494619134,0.0043217578800275325,-0.014520342877847425,0.06534606427474787,0.01791747417819456,0.016169429508627653
h1_rsi_56,0.027381202925356507,0.019640953431889874,-0.010274893446608868,0.05219135773077732,0.03290748702412516,0.03224989507214138
h1_ru_12,0.019858987039996,0.04789603199837544,-0.022094135670038872,0.03299516908212552,0.02274521742789326,-0.010409401536131457
h1_ru_192,0.022225519287833784,0.012893133013955227,-0.015093077287362033,0.05489409141583057,0.04490568512866966,0.038088192717603664
h1_ru_24,0.006818838925663817,0.03716110604939227,-0.008601186787061676,0.03535541752933058,0.03568149022694478,-0.005242053225857468
h1_ru_384,0.0211125840820936,0.018666387010412233,-0.006122410061309869,0.0340683965485199,0.0376133300661603,0.022516247544192125
h1_ru_48,-0.006677318724796488,0.030381891099717118,-0.014760942183065229,0.0392482879439402,0.034675968209415875,0.015433849572198177
h1_ru_6,0.021623170762636645,0.03782974277858975,-0.008223283783225455,0.023988957902001395,0.018041230734198166,-0.009120199279237018
h1_ru_96,-0.006040477820893231,0.02052334016442714,-0.02666409222231758,0.05039231300100866,0.04708008781765216,0.03919295752731067
h1_since_hi_12,-0.006219620286464722,-0.0031805332528208052,-0.0026985579933318515,-0.007726174718204082,-0.005191587524349117,-0.005907422940794604
h1_since_hi_192,-0.010674889233608043,-0.03501859625029058,0.03223013625485083,-0.006484948449234196,-0.018722819966387694,0.004743452160645978
h1_since_hi_24,-0.017887605683966024,-0.0059369063427642255,0.004648143380658554,-0.023303643322022338,-0.008485368262383719,0.005537773099162924
h1_since_hi_384,-0.014879052715994823,0.006980607530946981,0.02645432268276171,-0.004092085171928661,-0.0008068927451431729,0.027741406919845057
h1_since_hi_48,-0.00011661155653408528,0.016982103780970315,0.0035253995950812467,-0.018054193264409324,0.007403735962912661,-0.016511491227907016
h1_since_hi_6,-0.0022740518291571865,0.001390376974849672,0.004034885310093328,-0.00419876647843237,-0.000244419198106971,0.00037476449352857877
h1_since_hi_96,-0.01996005358566627,-0.009207949362624257,0.003481697607673806,-0.014997899690931848,-0.0337870867459204,-0.020845616247358256
h1_since_lo_12,0.003264364722500024,0.003345187552268536,-0.008366785218239803,0.01781850366998583,0.008307468213128555,0.0009933273941374887
h1_since_lo_192,0.023630755036448958,-0.0037399570896868295,-0.0051736796437731325,0.017924763460477777,0.02245810221796507,0.02201222184818108
h1_since_lo_24,-0.009257085733018755,-0.01659534986867739,0.0165802161897588,0.005680357295902327,0.011053626190847488,0.013217965385275865
h1_since_lo_384,0.0167287053403381,0.005210490315788907,0.006083475563437801,0.0004091817382834151,0.009798425321581483,0.008378109785847965
h1_since_lo_48,-0.013744986461929454,-0.017807045200110172,-0.0018710807263111473,-0.001207280930357546,-0.0004037557639615663,0.02483721457917576
h1_since_lo_6,-0.00839805569833385,0.005722488370663914,-0.014785097463377805,0.003703580259845851,0.018803880510570026,-0.003180073564193253
h1_since_lo_96,0.024102419854217905,-0.01281230879394235,-0.012425507976009942,0.03473472091283569,0.012099059697687542,0.041728894931410965
h1_st_10_3.0,0.01576406117831808,0.007143257924113411,-0.003567830251945958,0.043626911043181726,0.026704808437227,-0.013388918750189827
h1_st_24_4.0,0.020845896689749566,0.013886736545105194,-0.00731634835728201,0.042938623361150396,0.029678678477992326,-0.0045697089856064355
h1_st_48_3.0,0.0025687426390536006,0.014549027571078565,0.008078511017668322,0.018318980339625757,0.018701781351867064,-0.005843102318456195
h1_trend_r2_150,-0.023725156000297676,-0.011557863461841622,-0.017056488394341318,-0.01443435288610273,-0.011315680698185004,-0.013024383560454877
h1_trend_r2_50,-0.045805322950773275,0.019333687802088884,-0.0033658476119644565,-0.05333779847402231,0.0019442154948158263,0.002873814408191344
h1_tstat_24,-0.0015976542105625713,-0.012915843951810058,0.009851540375868884,0.02651838590454547,0.010312633811776162,0.004806532867373092
h1_tstat_384,0.009152366573378479,0.010968715015136077,-0.019583416764400174,-0.003188564762918289,-0.005349377133253619,-0.029859647752373986
h1_tstat_96,0.02227002480967788,0.00013426172084785026,-0.004210011092359023,0.03695803296797484,0.03374841282216923,0.04303530101741271
h1_var_ratio_5_250,0.00769710896516107,0.0044890840545168675,-0.05876471167812447,0.004378629352296937,-0.00043407612018253605,-0.03336860893247606
h1_vol_level,-0.019776814020137423,-0.01675666432432288,0.004514812589986317,-0.008066571110049381,-2.2276180080604835e-05,0.01439232045866956
h1_vol_ratio,-0.03262037550438923,-0.02528194961378044,-0.011565293947513156,0.00024653501908267206,0.013278459676401289,0.025630605580984067
h1_vol_z,0.017895953148967303,0.03738353964661778,0.006224116504730981,0.03264472822423903,0.015113150619154081,0.00538743333128755
h1flow_perp_spot_vol,-0.007686848098037824,-0.000329503722920399,-0.005881334007138528,-0.016880102094830374,-0.019889044278556534,-0.012462856777967657
h1flow_perp_tb_share_24,0.013726387083313196,0.002360095684107666,0.019645553044677744,-0.0019898290142574826,0.014803677860971698,0.010532773139460216
h1flow_tb_share_24,-0.004261254406449699,-0.004906564529790103,0.003292110440484164,-0.0038046278749633844,0.0036591719696350555,0.019417388452541928
h1flow_tb_share_6,0.02159615672593196,0.022316836286200514,-0.01585714694356244,0.023646729072827277,0.017317254881577315,0.002988971570594856
h1flow_tb_share_72,0.009171081548156268,0.009057656391525892,0.01051438033760188,-0.004853988841380608,0.025168061403052833,0.03476645879481444
h1flow_trades_z,0.014640071277538191,0.03281663723150996,-0.005007771007942696,0.030916546491277064,0.016657632438078385,0.0028375468765595713
h4_cross_breadth_ema50,0.00013710078881012944,-0.0023181855830966547,-0.0329679847186069,-0.004732572989707973,0.0037142436370567466,-0.02632061861869678
h4_cross_btc_basis,0.003050674364038386,-0.01521607712225298,0.011224882850303097,0.0013366237638162692,-0.005453913870514138,0.007646457385072636
h4_cross_btc_basis_1d,-0.0006272401433691788,-0.013686345916974152,-0.007496625579381688,-0.018250879275316934,-0.008305921256178517,0.0031860627099831174
h4_cross_btc_basis_z_30d,0.026699974610373545,-0.01759371455778813,0.005730466561401748,0.03670634182629717,-0.025035805241775955,0.003226103831283411
h4_cross_btc_fund_last,-0.00761186473227532,-0.014483232648175526,-0.04221167017871724,-0.02544168182737011,0.005493862912387737,-0.019027744971677252
h4_cross_btc_fund_sum_3d,-0.006249215844196854,-0.0020823926106623425,-0.0191516411288144,-0.011333733291432946,-0.001690514555008571,-0.014196103813174488
h4_cross_btc_fund_z_30d,0.03209307303707509,-0.014696314682754896,-0.05986441259761438,0.019113147036931566,-9.776767924285501e-05,-0.03703426444796165
h4_cross_btc_glob_ls,-0.03126405757984707,-0.05042910473944956,-0.006592007780542919,-0.04395285995439063,-0.07788840638143074,-0.026149355274879993
h4_cross_btc_glob_ls_chg_1d,-0.012286324786324854,-0.030047499242408182,-0.025045330194681248,-0.010051725432766334,-0.028619233971144464,-0.027932596038514057
h4_cross_btc_oi_chg_1d,0.033168020822341826,0.0022049026817800854,-0.03135765569110471,0.037186862819202804,0.02058433224240719,0.0029748152199415845
h4_cross_btc_oi_chg_3d,0.050073968404924174,0.02634692215197243,-0.0170585980547171,0.023090203184447544,0.035610057141157614,0.003992930223295388
h4_cross_btc_oi_chg_7d,0.047250701728468014,0.030516879840601585,-0.032784970720525275,0.017731681524784992,0.029732286960204246,-0.022875782434586545
h4_cross_btc_oi_to_vol,-0.0031930499556398484,0.028610016197440302,-0.04915588100209034,-0.004078124854435816,-0.004857803900866098,-0.055871617388931316
h4_cross_btc_taker_ls,0.015289844835299382,0.03200509461426493,0.013975259907637927,-0.0006250547607424273,0.04890847125688169,-0.012293298318116541
h4_cross_btc_top_ls,0.0034973053548905675,-0.026768370389616825,-0.01988694693148474,-0.005456718003186367,-0.01711071847856188,-0.021799731310287063
h4_cross_btc_top_ls_chg_1d,0.030194132466859758,0.028038147533889446,-0.008392448148619391,0.04035006195786861,0.028516433082624415,0.007410954679513804
h4_cross_disp_30,0.010606086667934833,0.0012978633015291452,-0.01731488632715783,0.003735058443612771,-0.007491912509065113,-0.00618609397444414
h4_cross_ethbtc_ema180,0.00035641146020948256,0.0008072402469880835,-0.04108098057724763,0.0025857079522886295,-0.04604053274722231,-0.04246478484674332
h4_cross_ethbtc_ema42,0.018582215953472758,0.01568691235448305,-0.05302068136960442,0.03428661970862312,-0.009423133565500619,-0.05235559167843035
h4_cross_ethbtc_mom180,-0.0023018522717498935,-0.000141275392832374,-0.02715863980345229,-0.002624823006555921,-0.04366131295805398,-0.03340410151685075
h4_cross_mkt_ret_30,0.01756382522330724,0.01234606659915738,-0.03550317673719372,0.019850301396996506,0.013549177142659241,-0.03740127946891936
h4_deriv_basis,-0.004444836924526074,-0.0014108359696595185,0.0069482822289003154,0.007532453110296711,-0.014446699853398415,0.005236540596109895
h4_deriv_basis_1d,-0.0021704578237179972,0.0023061162767045174,-0.010286411908521365,-0.001663769337477361,-0.007157515530721303,5.4164152456737114e-05
h4_deriv_basis_z_30d,-0.003057645598967207,0.0010913319736849392,0.01097991901390516,0.019520077964955584,-0.0158839034437121,0.009900710435026605
h4_deriv_fund_last,-0.012401305719106637,-0.020561414383772125,-0.01018574139229761,-0.015083366949038668,-0.00011230907457315809,-0.004028020852900771
h4_deriv_fund_sum_3d,0.00934207810394172,-0.011167435721366192,-0.007316666189917664,0.009105924352898587,-0.00528038285328164,0.000547887710762418
h4_deriv_fund_z_30d,-0.0029990559206607426,-0.010112045079875731,-0.017243504071090987,0.013581449266219181,0.007630210460399134,-0.013246006441343827
h4_flow_perp_spot_vol,-0.009630033617051725,0.00311190727052868,0.002329713219612839,-0.015895283352799938,-0.02065684516688371,-0.007291013773602584
h4_flow_perp_tb_share_24,0.014781220942707951,0.03478092910552122,0.008730226837152077,0.006435079671726074,0.029750692176463867,0.04052013219980244
h4_flow_tb_share_24,0.011593364119458882,0.015230689691104526,-0.0013147146975345803,0.004156178347453521,0.031640529282038754,0.027586882436781313
h4_flow_tb_share_6,0.0007846617101274767,-0.0029397305146832142,0.0005627226814903796,-0.0010289927298621215,0.003478796789259997,0.014781498971180085
h4_flow_tb_share_72,-0.007093321623273363,-0.0024851777732058933,0.0012115780072529114,-0.017268561282997807,0.010974731386395264,0.01561999190335106
h4_flow_trades_z,0.00919678235728627,0.03215868800247956,-0.01455450988618412,0.016056759965261902,0.012417732829396622,0.007487540398000481
h4_price_ad_slope_20,-0.007988271052812634,0.00408396100131192,0.004375919728189515,0.004864040698381866,0.01554753613072657,0.04068039129256862
h4_price_ad_slope_60,-0.020135650699448893,0.022613414415834643,-0.02198416557808991,-0.02074320179107808,0.01584640821347505,0.004395190863309861
h4_price_adx14,-0.03270789741016106,-0.001758761746230686,-0.007709507327631426,-0.018720261052016796,-0.015384177476801819,-0.007112155946666254
h4_price_adx56,-0.025631737796133036,-0.0074271446472991,0.021304639402983216,-0.005601368273166041,-0.005920513639210034,0.02470438861931057
h4_price_atr_roc_14,-0.009197894617554492,0.053054086766470165,0.023708725459347657,-0.02226697943813294,0.020409931216106236,0.00788803314046449
h4_price_atr_roc_56,-0.009565431743716657,-0.0196108948376702,-0.036628622100174535,0.01511210856387779,0.004261557005982408,-0.017424534086210086
h4_price_atrp_14,-0.0354190528612075,-0.007800205200003241,-0.019490132885824962,-0.009605871977433067,0.013357354480853623,-0.0121418736240812
h4_price_atrp_56,-0.03474094625501012,-0.018265271769769775,-0.01176521067536257,-0.011664581856039247,0.005934745643150441,-0.009312696177898094
h4_price_atrp_z_14,-0.01816493014311915,0.005837378997458953,-0.02202389465755117,0.008033142248468739,0.029399607444204445,0.0007659578689074298
h4_price_atrp_z_56,-0.030346497122574867,-0.015813492434585852,0.0008479774720228095,-0.012285597508209622,0.028209688158230106,0.022353198641300476
h4_price_bb_bw_100,-0.03863975372115902,-0.021543328461614497,-0.010389631028093205,-0.016337193413035633,0.013041465871654556,0.010895758434680936
h4_price_bb_bw_20,-0.03930897155183932,0.009245021628828454,-0.023010764991370836,-0.028333010615819054,0.012988559943962974,-0.017909651069148214
h4_price_bb_bw_50,-0.04251540744122345,-0.038888473263882395,-0.027951950062136244,-0.007963582311408368,-0.01071422383600773,-0.012566079752612036
h4_price_bb_bwroc_100,-0.007353739100023904,-0.03974414124600223,-0.014557052547269633,-0.0018167931365831724,-0.0023092973350262724,0.015054745374029843
h4_price_bb_bwroc_20,-0.02214354806723301,0.0255778597746541,0.025117359700728814,-0.03048199183365974,0.0032708857751739817,-0.00047736751036719927
h4_price_bb_bwroc_50,-0.011820953260921974,0.009017578265899662,0.01136633071757065,-0.000574982803632107,-0.008221148015316093,0.011865062463848774
h4_price_bb_bwz_100,-0.02700480716704906,-0.014110840064231911,-0.009094780870289365,-0.003712111845328825,0.024515554961524133,0.02693282695179766
h4_price_bb_bwz_20,-0.02354630089387033,0.0332421333319084,-0.011476300809519668,-0.01732304726815531,0.022920332954638245,-0.00592152698087367
h4_price_bb_bwz_50,-0.0334110313787811,-0.03605361384458772,-0.020309505420635587,-0.0021200775117417026,-0.008676572141409156,-5.734609702467974e-05
h4_price_bb_pctb_100,0.02742329636488905,0.028856250450878917,-0.02238145637270328,0.02548563589499009,0.03114828758053456,-0.002282374661580433
h4_price_bb_pctb_20,0.01818583784265082,-0.01517424633084763,-0.009333155347057365,0.045402121894108416,0.014783339397404616,0.030186675494865867
h4_price_bb_pctb_50,0.0315661061655127,0.020189355784208662,-0.01078660399007092,0.04863141689228645,0.04282533742225003,0.02563587522233235
h4_price_bb_since_sq_100,-0.008023020174566131,0.0038672051385501005,0.015345754232736097,0.00993060773529797,0.0191841225288909,0.025392696773057666
h4_price_bb_since_sq_20,0.011585682260286778,-0.00927675014494922,-0.01294834266172118,0.03670988789066276,-0.0009117764263561479,-0.0072245232989442965
h4_price_bb_since_sq_50,-0.00392693045503284,-0.011197160331205658,-0.026445741201598094,0.004431986194708859,-0.003161051831720718,-0.010663584236456913
h4_price_bocpd_erl,0.02803129338152266,0.009353566552399495,0.002638964374139796,0.007951018887968342,-0.004517114294129709,-0.014299326787818867
h4_price_bocpd_p20,-0.03942735378276757,0.001897699248401552,-0.015578566638379532,-0.026090917459440754,0.009988391635046945,0.0009699239869734866
h4_price_bocpd_p5,-0.014657895588895964,-0.00012691406448300802,0.005080872514151569,0.003436147959102631,0.0040431266846361336,-0.013212695743927694
h4_price_chop_14,0.018994024226872908,-0.041238387363099815,0.011110157613204108,0.0429066161322782,-0.007361968125261464,0.01575560767334172
h4_price_chop_50,0.03546526668188388,0.03915465881491653,0.024059612689150134,0.023626639061421706,0.032995972961667674,0.010015418350627026
h4_price_cusum_age_n_0.25,0.04057171534840798,0.021634172213033986,0.0016416055633423632,0.028908876212968115,0.011916518777582263,-0.004721908626898863
h4_price_cusum_age_n_0.5,0.03328336658828479,0.016927664326994663,-0.015052394709993588,0.0169109267917964,0.0028343345238713846,-0.018312778632286364
h4_price_cusum_age_n_1.0,0.02358841837292225,0.0044069238969831614,-0.009697868296512424,0.005818173545840244,0.014450743653145026,-0.028200020706590723
h4_price_cusum_age_p_0.25,0.01487922988817425,0.0010133086095829302,0.0397799326830478,0.004974875647947963,-0.0005374128444454174,0.02117264398984997
h4_price_cusum_age_p_0.5,0.013920030273473216,0.010656439619631919,0.035248751712323334,0.007414567151166174,0.029815429472376254,0.030729293564280002
h4_price_cusum_age_p_1.0,0.013540852999623487,0.0016071328376114913,0.029010491655304227,0.03132714138942061,0.01692989686128632,0.029519135927608797
h4_price_cusum_d_0.25,0.010616457760815323,0.0334081235688769,-0.02300027651439307,0.022953679984848208,0.028927785574440867,-0.00908129692693116
h4_price_cusum_d_0.5,0.01279312249829001,0.04927939530124048,-0.03438535935746956,0.016650107554869953,0.035005160648385325,-0.023665959294810412
h4_price_cusum_d_1.0,0.007854711612790832,0.04394700068667179,-0.029728634495647333,0.013826064782631264,0.035731302240736174,-0.023805914769440717
h4_price_cusum_n_0.25,-0.026429591915201778,-0.0033268184113565136,0.0010904837730547623,-0.0367408599522378,-0.0018848123479341394,-0.008780462401728972
h4_price_cusum_n_0.5,-0.009776146284012133,-0.007144927846014559,0.012864593762216714,-0.021173443205420805,-0.01490400203950809,0.003036243353277346
h4_price_cusum_n_1.0,-0.008566775672755045,-0.00539217781862783,0.006032463425409418,-0.008709140523902759,-0.014573572034978555,0.008246058773239806
h4_price_cusum_p_0.25,-0.012514873664911552,0.03977553577774273,-0.0331346879360267,0.010337276835548415,0.037482766899576525,-0.013343041872570183
h4_price_cusum_p_0.5,-0.003141176375358712,0.04897880935904397,-0.030809742205949175,0.004105919062447394,0.02783532457631943,-0.015540482314773563
h4_price_cusum_p_1.0,-0.0007497541292126875,0.04192806510825098,-0.024823523429032712,0.005945937938776735,0.024076837970491427,-0.013266942051923913
h4_price_dc_0.5,-0.008395779116969704,-0.013751806855496929,0.0021661883285499783,0.02675672072449542,0.019697402844915723,0.035446087539282134
h4_price_dc_1.0,0.03362131244409727,0.02637708439651698,0.003899329690971287,0.053921599747751126,0.036889972996319464,0.038673742865060645
h4_price_dc_2.0,0.011826840186011878,0.0052281914879405145,-0.03246135949731588,-0.0027867450923130255,0.010736190624698327,-0.021389784211286567
h4_price_dc_4.0,0.004910333048676385,-0.008236054816188387,0.001223337814773462,0.004321240420315786,-0.00893120125538649,-0.005919047149650969
h4_price_dc_age_0.5,0.010267887858637414,0.005320371176880778,0.010974125245128419,-0.01044493751448261,-0.017251973298285428,-0.014239965827925749
h4_price_dc_age_1.0,0.04091269664603914,0.007056755969636841,0.004343977548302624,0.036664677457070693,0.005880602149898828,0.00413124382754515
h4_price_dc_age_2.0,0.024103684621642363,0.03059029735297336,0.030688806888068965,-0.0031094626065628073,0.021166702556068007,0.003685494165267089
h4_price_dc_age_4.0,0.033873001161562444,0.017554219024284667,-0.015041588400380168,0.016953250400222664,0.004686970167244731,-0.01826473190234673
h4_price_dc_ov_0.5,0.018084909402179772,0.008349275521082444,-0.0020055239312083417,0.039406453715430834,0.029943517507839967,0.03948883239006751
h4_price_dc_ov_1.0,0.025932791270878885,0.016633424088022264,-0.022507953761708166,0.01998097553801248,0.013506171739447903,0.0025630605580984067
h4_price_dc_ov_2.0,0.0070209769265948685,-0.01865035576016172,-0.030709624925706613,0.0069839244354295005,-0.024269279415077005,-0.020132509781384256
h4_price_dc_ov_4.0,-0.0029190832156256175,-0.00903026967234799,0.0012195238231451633,-0.011844790863179466,-0.010803328556330316,0.013934171640278104
h4_price_dd_12,0.010755145506634589,-0.014325592020712319,-0.015504352717945813,0.03432440573994966,-0.006158435618126845,0.008093704142496105
h4_price_dd_192,0.03095262029218604,0.02100761751574398,-0.030173123436660676,0.028384817614196534,0.021723297666693897,-0.02416967501191869
h4_price_dd_24,0.02613564493700582,-0.010646086103845098,0.006660500713534301,0.046305181290393294,0.008788571824592473,0.031039117477664524
h4_price_dd_384,0.010202356231839849,-0.015008590078259276,-0.03705404108304655,0.0060586317356627895,-0.002746157977718877,-0.016573951976828427
h4_price_dd_48,0.04245566529285616,0.04518207492471993,0.0014480454882067617,0.04711578486143053,0.03654221707394956,0.028211334936544263
h4_price_dd_6,0.019771823900951557,0.00836564075571311,-0.01596600462128661,0.03146511118413842,0.014429395647234444,-0.013598464488506934
h4_price_dd_96,0.045377892122369756,0.03270041066719398,-0.01981146168050829,0.03688930879614416,0.016751068637861133,-0.013560027104555283
h4_price_di14,0.029700786381793853,0.01629977369218394,-0.009498428317616492,0.05193424180958828,0.03192671631779698,0.021993313135107995
h4_price_di56,0.029196630054854178,0.026243824628809698,-0.030024695595793183,0.026295437584487935,0.025404127033629598,-0.01951596174364373
h4_price_don_pos_12,0.008066433679643548,-0.007558734493105235,-0.02041168861301018,0.032821958334523726,0.006275385563550229,0.009570598625057603
h4_price_don_pos_120,0.025408339131390956,0.023426666381666683,-0.016828920227186794,0.023544678175448253,0.03251858204688396,0.0009074632380520198
h4_price_don_pos_192,0.025025056900043863,0.024373512099586048,-0.033291220509104325,0.027060016289269573,0.03892793408230799,-0.02030609796697236
h4_price_don_pos_24,0.01707436023004605,-0.0038775586543368656,-0.00626448124946366,0.04484397930798778,0.026720896789507398,0.03465502137924492
h4_price_don_pos_330,0.011659242533984315,0.0012116953314327272,-0.03173654217162325,0.007145793792485922,0.008714936673770213,-0.026253973154587107
h4_price_don_pos_384,0.009305092150930117,-0.004322759833168155,-0.027502216882633934,0.002636970741283662,0.0017935418878815002,-0.01002704255948339
h4_price_don_pos_48,0.03271664081272618,0.03649814705465859,-0.010419189463212408,0.047506258220543884,0.0524443157376262,0.030456667119235892
h4_price_don_pos_6,0.019038038133243784,0.010572609540197009,-0.01619023554576632,0.03027354806216065,0.015494630203034987,-0.01152021093444383
h4_price_don_pos_96,0.03679998076954549,0.029061316860333086,-0.017804189669803683,0.0412430020014557,0.04135634710248781,0.0044570316544256805
h4_price_ema20_cross_rate_50,0.028304547414339742,0.029933684061463794,0.01829889616725633,0.025469023729893236,0.007604221583638382,0.014710668791882098
h4_price_ema_dist_10,0.01799005184534619,0.004762617261915958,-0.01817335227615846,0.04427261059423404,0.019221868278472054,0.012051669763355921
h4_price_ema_dist_100,0.021145008236254093,0.021876644873072504,-0.029275881906105916,0.02268408614711881,0.023518695902915443,-0.012949678644871454
h4_price_ema_dist_20,0.020952643060372922,0.00872567591758866,-0.013874983711077427,0.04677314228456486,0.0275785297226121,0.025646104526125924
h4_price_ema_dist_200,0.012784606580410696,0.00641250010019534,-0.03364639847948864,0.010276874568923011,0.01159289538363295,-0.020550051363504185
h4_price_ema_dist_400,0.005893149786955099,-0.011904539248508428,-0.02718581449380386,-0.0061855174403429025,-0.001781475623671147,-0.010868480291231386
h4_price_ema_dist_50,0.025722691420020816,0.024998062890594697,-0.020768773579208644,0.0355619259967086,0.0319118655310765,0.00809075934291914
h4_price_ema_dist_d200,-0.008211893296916128,-0.01796902762451602,-0.00788002453667952,-0.02677401449540945,-0.009521829418913497,0.00941157944790283
h4_price_ema_dist_d50,0.00933233152178059,-0.0015730664308292175,-0.030433428365291393,-0.0012984253704190207,0.001175687282033766,-0.0186997872924769
h4_price_ema_slope_10,0.015276835377295295,-0.009987468906054175,-0.007196048704673108,0.04811370358199141,0.010519307260302146,0.023268566341374752
h4_price_ema_slope_100,0.016429705300897934,0.023673480838648064,-0.03297354678973147,-0.00021250958483953752,0.00491189770778111,-0.031130871232903923
h4_price_ema_slope_20,0.013564807834070547,-0.0044059219438425945,-0.0018065607012659468,0.03428798334976457,0.012516738074199507,0.03646157842497244
h4_price_ema_slope_200,-0.0011278084278720235,-0.007116539173695924,-0.03065082588810386,-0.012036500771485603,-0.013749353371994899,-0.033947959501876235
h4_price_ema_slope_400,-0.009660412380356087,-0.03179598096556224,-0.014886327157845214,-0.025666756544471925,-0.01716008405545283,-0.0033632710957692824
h4_price_ema_slope_50,0.023894564234016924,0.027628523869195676,-0.019004166785853926,0.014948515719136801,0.026447394800739543,0.0021112663072151427
h4_price_ema_x_10_40,0.023462447537447195,0.025020773828449583,-0.014075536104198205,0.027008281672078804,0.03307146446082976,0.014179984910226984
h4_price_ema_x_20_100,0.014368769755667143,0.021535980805249655,-0.031233730941960636,0.006237441791812293,0.013146040161477579,-0.023684868007883386
h4_price_ema_x_50_200,0.004088234222785148,-0.004585605540400051,-0.03333110850488352,-0.003493813875583396,-0.0026650974335364896,-0.03035995370155109
h4_price_er_12,-0.0020721949482153668,-0.0162593615821775,-0.01247779144458111,0.022051129035159267,0.010133805588351086,0.02874496361777623
h4_price_er_192,0.013405963542210464,0.006708410261068831,-0.02224892016362018,0.01353260284718072,0.014634831530200287,-0.02655558262704638
h4_price_er_24,0.03602310578312373,0.023858174200908966,-0.00978654360187009,0.04785054264156452,0.04536760647395299,0.026366340506865038
h4_price_er_384,-0.019849172362520928,-0.016773363543333808,-0.013211984833026602,-0.028890946343303414,-0.0192119677539917,-0.0008132296515899196
h4_price_er_48,0.02064977554591796,0.03487264507613508,-0.028572200450686702,0.01683070552635768,0.027601115294082712,0.000945125674746583
h4_price_er_6,-0.0009035498480255977,-0.0011499082210922884,-0.01740340271619767,0.02633533629810203,0.01541418844163267,-0.00031772837540677834
h4_price_er_96,0.024860988363529235,0.00654676182104319,-0.024483601425161483,0.010636315093503934,-0.0018040611951418706,-0.028131360379612502
h4_price_flow_192,0.021662734125409755,0.004587609446681462,-0.02158623911820512,0.02064973536765291,0.0062726010410402155,-0.022311351489417652
h4_price_flow_48,0.024624514950924326,0.025557820711840873,-0.023286008053878926,0.020392843871104738,0.011838552147300008,-0.0013356990923197865
h4_price_h24_adx14,-0.012888369665452426,0.04657746166527288,0.0022316618515022535,-0.03383273181219848,0.03968718055338982,-0.006792412708391038
h4_price_h24_atr_roc_14,-0.02896121123948886,-0.03479783257496605,0.006605992416513273,-0.0407551204661496,-0.014658654667230986,0.015615342219808537
h4_price_h24_atrp_z_14,0.0007686822234789226,-0.007779164184049392,-0.003745816527932766,0.020871178141586344,0.010483108467671087,-0.012881328296796113
h4_price_h24_bb_bwroc_20,-0.015089407029874935,-0.0004188164127939542,0.0050988300580679935,-0.015810066916578602,-0.016520572052304505,0.004891932055104409
h4_price_h24_bb_bwz_20,-0.00938942217773936,0.042557625664962906,-0.0015286160613544042,-0.01011178987899175,0.03176861731750236,-0.011859637833049108
h4_price_h24_bb_pctb_20,-0.00544431363680703,0.0028188281690442185,-0.029846232570852838,-0.024587231516817076,-0.005962900259641191,-0.02160568451711181
h4_price_h24_bb_pctb_50,-0.024947759461342034,-0.01793963699905682,-0.01988662909884914,-0.046152585548806746,-0.02427515785148715,0.0033423475198277597
h4_price_h24_dc_1.0,0.0,-0.0045742500714726075,0.01526518365958851,0.0,-0.005866679537348485,0.012663723107005365
h4_price_h24_dc_2.0,0.0,0.0036608027915749908,0.0214436911810979,0.0,0.0057549892455552865,0.034046997761332354
h4_price_h24_dc_ov_1.0,0.0,-0.005712802823637508,0.008972733138184141,0.0,-0.0030419361465673367,0.007548141273504894
h4_price_h24_dd_96,-0.0076830283013040734,0.007724797310640019,0.003179279854814032,-0.016534184314863143,0.004646568888054925,0.018470557893829787
h4_price_h24_di14,-0.014132883339688429,-0.02363039685359991,-0.024418445734844918,-0.04396626723850827,-0.024557013407785266,-0.013448124720631505
h4_price_h24_don_pos_96,-0.01521378585008698,-0.0027553711368025757,0.0019942408726413285,-0.030969817878965578,-0.0022730985423952688,0.014112254519957235
h4_price_h24_ema_dist_200,-0.01647901445754557,-0.008863650777662102,0.007576017620641307,-0.02242647058823527,-0.00469673826075212,0.024256004136358422
h4_price_h24_ema_dist_50,-0.019287206872533158,-0.01785012918515827,-0.007234029704638156,-0.03863214566253992,-0.01378060190238578,0.00843530089342126
h4_price_h24_ema_slope_200,-0.02717338492389504,-0.011809468089552078,0.016872940047229945,-0.01885034336883501,-0.00442350231667854,0.02147859316694911
h4_price_h24_ema_slope_50,-0.02169015722139256,-0.016073830119971155,0.007188579637734338,-0.035851465042065545,-0.015382584010035005,0.023802814980412368
h4_price_h24_er_96,-0.008479861031729208,0.01828764872324451,0.01594582224892016,-0.0229045525457382,0.027601115294082712,0.020945739432974175
h4_price_h24_mom_24,-0.002494395331683774,-0.02961609048887842,-0.012492888494776477,-0.031395416304032475,-0.01780620098473562,0.010432494964392802
h4_price_h24_mom_96,-0.022623965816065128,0.019376569362671514,0.014088726158579368,-0.04126680205009192,0.02737992237476239,0.018811844665852062
h4_price_h24_ru_96,-0.023964726016198146,-0.013060279436634459,0.004549138514641005,-0.04794700705927857,-0.013103602241889167,0.008528294564271843
h4_price_h24_st_24_4.0,0.0005448618064520794,0.005130334064536446,-0.01975647663453378,-0.013739301385357505,-0.003727238075437067,0.0006263123731798936
h4_price_h24_tstat_96,0.003226507827353231,0.003820113340939235,0.027105243920656275,-0.011141422124773759,0.012639566456033036,0.027822931371290882
h4_price_h24_vol_ratio,-0.02768419981604442,-0.01636456666194641,-0.0073052242150328794,-0.014014415553673831,-0.009459951140911693,-0.023342806288603968
h4_price_h4_adx14,-0.019103294047767116,-0.0006873398544896547,0.017798309766043352,-0.002619956285372149,0.025011199968318243,0.020427919675786832
h4_price_h4_atr_roc_14,-0.009524604307679763,-0.030707859854810282,-0.04279775355893095,0.012356923162972211,-0.005627829384261651,-0.017723353748543946
h4_price_h4_atrp_z_14,-0.029720925076707705,-0.017561566680649454,-0.0004354307108962452,-0.00971620700724829,0.02245005804182476,0.022677126594763952
h4_price_h4_bb_bwroc_20,0.005491164219898259,-0.02105170345393287,-0.02666361547336399,0.0047872656644570855,-0.020595566050111536,-0.016080155584610956
h4_price_h4_bb_bwz_20,-0.024340228627804217,-0.023928644905135077,-0.02290858179899624,-0.0034407993966817374,0.00834428578853963,0.006517926389929984
h4_price_h4_bb_pctb_20,0.016217034152574583,0.0238030667781729,-0.025963430176937474,0.020705959533733886,0.03331897757283686,0.001996264134263015
h4_price_h4_bb_pctb_50,0.016610493264681003,0.020100515939070585,-0.02794670582364739,0.007275800945378164,0.018736742578938093,-0.02883981716204398
h4_price_h4_dc_1.0,0.017713320732877014,-0.01838216630284628,-0.02944004246244014,0.002605547143738396,-0.015130785928384571,-0.03495818074621848
h4_price_h4_dc_2.0,-0.0012126590065605902,-0.022545281602269984,0.0001741722843585647,-0.010483028762066193,-0.019838485318759758,0.009199088910008757
h4_price_h4_dc_ov_1.0,0.0065079872592388455,-0.019372763974574436,-0.02070234655834935,0.006104122425269809,-0.02379931389365353,-0.01132011955266321
h4_price_h4_dd_96,0.006810046255775859,-0.006477293069957701,-0.033464598211873586,0.00021024282728965282,-0.002498026082931759,-0.020612667101877036
h4_price_h4_di14,0.02088167877894065,0.013688015838875245,-0.03343440411148302,0.013630412208226028,0.009553696732084394,-0.022189684770054563
h4_price_h4_don_pos_96,0.004557605551932742,-0.0037316074801813093,-0.026041140256363837,-0.0063994732060932424,0.00037405419052072286,-0.012244786619822645
h4_price_h4_ema_dist_200,-0.01048442060433935,-0.022338879255294986,-0.015292199433622256,-0.026615725655341482,-0.01133517235575554,0.004580558247205713
h4_price_h4_ema_dist_50,0.006591814105509797,0.004305726629777018,-0.03289980961825123,0.0017900910364145872,0.008328197436259233,-0.021120102565819365
h4_price_h4_ema_slope_200,-0.024643759333435655,-0.027653238713331862,0.0013990992623105214,-0.04284446034490763,-0.01817983807692214,0.020189855878408935
h4_price_h4_ema_slope_50,-0.0033087830288151543,-0.0017373867458966297,-0.03147814423880668,-0.01280893309704828,-0.011974065576123849,-0.03625017281323828
h4_price_h4_er_96,-0.02134833973418071,-0.015926379155099646,-0.011213135387167839,-0.03062149411196552,-0.01867177038703627,0.0001537495358066021
h4_price_h4_mom_24,0.016608075210124196,0.005069882891716837,-0.02373033807857461,-0.0008778114420371352,-0.005806038824906767,-0.03440734823587904
h4_price_h4_mom_384,-0.0029458955994969283,-0.023205902706342263,0.020655942993538456,-0.023385186428664717,-0.012763632403426595,0.01716787155466204
h4_price_h4_mom_96,-0.02081661237272403,-0.017622351837849215,-0.008924422577559099,-0.027338554469406806,-0.019879015590850924,0.0006106584385866531
h4_price_h4_ru_96,-0.011196839450935081,-0.003682845760669462,-0.020404219546071356,-0.016423712342079733,-0.0030527648452176592,-0.01171751250609887
h4_price_h4_st_24_4.0,0.017236503413860182,0.007530011836406447,-0.030228267398953068,0.015328552881761603,0.02484320044354349,-0.024171069916981425
h4_price_h4_tstat_96,-0.012223709463813959,-0.01894092217095189,-0.016939525984407067,-0.02626323261557284,-0.01697197409032747,-0.011920238708553521
h4_price_h4_vol_ratio,-0.028347232284149704,-0.018131344033302188,-0.02448328359252583,-0.013336698060203267,-0.005648867998782281,-0.023504460286432938
h4_price_macdn_16_48,0.029516257023977976,0.01202610956290795,-0.02113682377133852,0.030535411279896563,0.03067120605714091,0.0028750543238027504
h4_price_macdn_32_96,0.014410950971560865,0.0014802187731284278,-0.031136791988074897,-0.0011951896143072571,0.004794328979577656,-0.027934058807957518
h4_price_macdn_8_24,0.03183631450263802,-0.005091925860811308,-0.007405500411593213,0.04804774473892115,0.03002829074870239,0.03474770507119285
h4_price_mkt_breadth_200,0.02042751162574208,-0.0031815352059614277,-0.03860093252095309,0.023760209247919994,-0.003204366626322064,-0.03468772415349408
h4_price_mkt_ema_dist_200,0.011832911069649232,0.0033288223176378695,-0.03837336435379857,0.01745610777283646,0.003407636769557909,-0.03629930446933782
h4_price_mkt_mom_21,0.014878471027719664,0.0009855879060247652,-0.004615406619182472,0.048770816602281886,0.01976392199376753,0.02506597900946861
h4_price_mkt_mom_252,-0.002895052634561135,-0.009832834138013058,-0.03708932050560809,-0.0029290582256462083,-0.0068400248503164285,-0.018654375383211463
h4_price_mkt_mom_63,0.007384976991350989,0.03156319385254991,-0.043470128499734584,0.014969066732691494,0.0035091171454808556,-0.04383179180824953
h4_price_mom_12,-0.002670134700442306,-0.015674220948034667,-0.01021895490272734,0.02376328184905252,0.011757491603117676,0.02621336591831558
h4_price_mom_192,0.014737572878970595,0.007365691521338924,-0.022557376736558055,0.015282615839631974,0.01643115794059191,-0.02570887525395016
h4_price_mom_24,0.03379395774695082,0.02576388907443583,-0.012790538758100767,0.04162942271880821,0.04369070514010476,0.019272318326014726
h4_price_mom_384,-0.01978753659282917,-0.02188065268563516,-0.013218659318376125,-0.026861496169419907,-0.021460624376576365,0.0013759963496884353
h4_price_mom_48,0.015804056091676677,0.03587994196687405,-0.028691069856434992,0.009884981925731173,0.023199094597036285,-0.004427738648107582
h4_price_mom_6,-0.0043544137850153875,0.0068687227635737536,-0.02203168155712565,0.02745536203308141,0.024696239533289255,-0.005560556548521278
h4_price_mom_96,0.025878840805522052,0.006188062596688471,-0.025477146244330673,0.009327965823200834,-0.005786547167336287,-0.03125501778348966
h4_price_nret_1,0.0031087983292927834,0.03218807862793871,-0.034296048386840416,0.012603441544219107,0.021200735608968957,-0.017397875900566184
h4_price_nret_126,0.004604283616670535,0.00209742190777229,-0.03462214467105912,-0.0047291561634155155,0.0016564815021076207,-0.03578070976489339
h4_price_nret_21,0.021557201889259026,0.007880695435635854,0.00022788599979017832,0.04068198146437563,0.03701713285761321,0.03437511042998409
h4_price_nret_252,0.0024646226165618845,-0.011729531433273932,-0.03233581560621801,-0.0037698566447113557,-0.0033154381353351914,-0.012908606440245718
h4_price_nret_5,0.00702957734508125,0.012971953327686747,-0.006989457491474116,0.03684111399969736,0.014843980109846333,-0.012288183666219643
h4_price_nret_63,0.009691846254015979,0.04138266861535422,-0.03742638201575815,0.007343287520241382,0.019426066595877867,-0.02218023041351802
h4_price_obv_slope_20,0.024007815250869147,-0.015013933828342707,0.017420088929571476,0.036155471543192874,0.01695588573804696,0.04246803962522305
h4_price_obv_slope_60,0.019238081700101328,0.024133043345828886,-0.030839300641068434,0.019200707507708525,0.008044794923011023,-0.021466349000287044
h4_price_rel_mom_252,0.0013655913296057864,0.007008328234505146,-0.006528600169722565,-0.002815630707920569,-0.014449196696194988,-0.004577458458177308
h4_price_rel_mom_63,-0.007078026274926652,0.011086945485733524,0.0005155245350904059,-0.00991162946081836,0.010216722480873353,0.007680037296661557
h4_price_rsi_14,0.026412896985199108,0.01720620730009692,-0.013361366171801281,0.04540370902942448,0.033061563936349514,0.024988639273211155
h4_price_rsi_56,0.021595650818962198,0.02042381281912209,-0.028532471371225332,0.017016206767756614,0.022192025622557288,-0.013547007990636184
h4_price_ru_12,-0.023731738372872235,0.01048376969505882,-0.019123354024237926,0.021112936794829618,0.02814347840076825,0.01936701688083109
h4_price_ru_192,0.009584212907116973,0.0166057033844641,-0.0320213202132022,0.013542008982363907,0.03697969649942201,-0.015903777588897272
h4_price_ru_24,-0.01450747009449127,0.0061332891583326665,-0.030196960884337543,0.03479214590864277,0.04426153225467111,0.028520848871025795
h4_price_ru_384,-0.005789671481347569,0.0011662734557229548,-0.01899208914569761,-0.012358728607474834,0.0005989817310572132,-0.006094805187558949
h4_price_ru_48,0.007296273957914434,0.004993734453027088,-0.02426350232494573,0.039861978310877455,0.042778928713748554,0.02755309473637224
h4_price_ru_6,-0.01978726879774828,0.022039629250619197,-0.02159831675836138,0.01917679921130455,0.034606973929443896,-0.0029739375938073187
h4_price_ru_96,0.013162716961533372,0.01520664281572881,-0.015347979061186012,0.027802607076350072,0.04594616837326959,0.01675931936072428
h4_price_since_hi_12,0.011565539236120914,0.013614873259607307,0.01630338396407227,-0.007345526764920951,0.00401342511119529,-0.012428604109204322
h4_price_since_hi_192,-0.00032913282245100595,0.007876019654312727,0.010901818320508738,-0.01352987158134289,-0.01842054457834902,0.026871141150133226
h4_price_since_hi_24,-0.015743066039072162,-0.0147684553088821,-0.0037941270885577527,-0.01632580290530411,-0.03305382915159938,-0.028227298850040272
h4_price_since_hi_384,0.02095534352123518,0.041269447910460055,0.013508840514761755,0.0227017234038297,0.027547899975001178,0.004426188753593463
h4_price_since_hi_48,-0.013258762458050688,-0.0438224245128504,0.022234458778696342,-0.009402711188425505,-0.02522746454993452,-0.006609370166266448
h4_price_since_hi_6,-0.020329112720120168,-0.008529293102020163,0.011034990194863203,-0.02795765311358911,-0.013451409463416386,0.010605153213272378
h4_price_since_hi_96,-0.01542783669661707,0.0007892050904563241,0.022279591012964395,-0.004407005148513166,-0.007498100336865321,0.022965561963852688
h4_price_since_lo_12,-0.0045992002622622374,-0.022668855822950862,0.007333511319609354,0.015674548380645748,0.003054311802167642,0.021954410782802136
h4_price_since_lo_192,0.01832599026957038,0.015554988524296709,-0.0371109331248351,0.004037630288208582,0.017781341966590647,-0.045640363716845433
h4_price_since_lo_24,0.027185416928051986,-0.01220545917508531,0.0018795032911569365,0.0436755831928719,0.02605230199569819,0.04000448229493503
h4_price_since_lo_384,-0.007840833533785951,-0.007610168087658908,-0.013647892292876385,-0.028631192723469534,-0.031118586007093718,-0.009655997812788863
h4_price_since_lo_48,0.02745409658221054,0.0011128359548880917,-0.006499995232510436,0.027004486825915386,0.022796267007244686,0.016529779983174286
h4_price_since_lo_6,0.0020438641579078043,-0.009900632967197398,0.023855087388083063,0.02603219345274932,0.01774173986866956,0.018143065182983587
h4_price_since_lo_96,0.01557845820853998,0.017143084252235652,0.009350953974656018,0.00223202211295237,0.016269036852227248,0.006441826569283604
h4_price_st_10_3.0,0.043546701284194245,0.02566068790094822,-0.007108962562493826,0.04905729452681684,0.03710345305542562,0.02232623047675375
h4_price_st_24_4.0,0.031124408594752295,0.03362220755659695,-0.00013825719652543755,0.04294153310922988,0.04624720619574818,0.027412054335581915
h4_price_st_48_3.0,0.032107638790518034,0.023895246467113163,-0.010923272023417918,0.045393392649870634,0.04567978238647197,0.04348663029994182
h4_price_trend_r2_150,-0.020727900438270053,0.002468812538575227,0.02120134379638372,-0.003487569583720096,-0.003978154492734198,0.016592860689901512
h4_price_trend_r2_50,0.010597783357427337,-0.022149844096091276,0.0022559760481325464,0.023937994372777105,-0.0006893240169397741,-0.0006143781854207053
h4_price_tsmom_30d,0.019432042972079122,0.007042394641287419,-0.03456874878826305,0.018591200390681517,0.011290310604204268,-0.030371422920956015
h4_price_tsmom_90d,-0.012775759141363863,-0.029663490697867057,-0.004814846598078459,-0.03700825481927211,-0.02026637361114203,0.012644039446675248
h4_price_tstat_24,0.022426855970309356,0.0014134218970847101,-0.004592522669412791,0.03691835458507531,0.03697969649942212,0.042012680616957176
h4_price_tstat_384,-0.012353608228866164,-0.018532125289564494,-0.01743025957391353,-0.02647686649692671,-0.01662236181961735,-0.012267415079729671
h4_price_tstat_96,0.009097130161535794,0.010852488450820208,-0.019451675136906377,-0.003229268705470023,-0.004988626772503224,-0.02960081536850606
h4_price_var_ratio_5_250,-0.04082824230894033,-0.0178648244978879,-0.01698147989231824,-0.03440301049186323,-0.023598518881537744,0.0014334974361644992
h4_price_vol_level,-0.013972570637043824,-0.005322375083162134,-0.007143606319784168,-0.002457822883480565,0.01596954598669864,0.0013391088602510148
h4_price_vol_ratio,-0.029056766809265056,-0.01774792996481145,-0.0076206731059558774,-0.01107450118982245,0.008803422611312728,0.005629216875499443
h4_price_vol_z,-0.008311501373391539,0.034150570846102624,-0.008132065816782164,0.01008782976351874,0.010200634128592956,0.012357928919357719
h4_st48_4,0.0327127035263739,0.02667666838557292,0.004827083154552492,0.026162338548660014,0.02200236870048189,0.02094310461230009
