variant,trades,win_rate,sharpe,cagr,max_dd,total,in_mkt,group,asset,start,end
ORIGINAL,255,0.35294117647058826,0.6025099102894713,0.39622140945869555,-0.6069195101150118,12.180989755536984,0.8292437769762905,Crypto 4h,BTCUSDT,2019-01-01,2026-09-23
HYBRID,170,0.29411764705882354,0.11758786141347574,0.054259227650357955,-0.7916019772391915,0.5041689831356935,0.5228522438361024,Crypto 4h,BTCUSDT,2019-01-01,2026-09-23
MODEL-FLIP,268,,0.2523591870915591,0.16398577692592653,-0.9045548756216076,2.232405965695326,1.0,Crypto 4h,BTCUSDT,2019-01-01,2026-09-23
BUY & HOLD,0,,0.673407944436224,0.49929235176059916,-0.7704339319608701,21.852596577970463,1.0,Crypto 4h,BTCUSDT,2019-01-01,2026-09-23
ORIGINAL,261,0.3486590038314176,0.62409855722461,0.558224545369439,-0.5893322339558502,29.782302243946475,0.789924909832673,Crypto 4h,ETHUSDT,2019-01-01,2026-09-23
HYBRID,154,0.38961038961038963,0.45615808132884317,0.2847600642030679,-0.7148402483680296,5.9307842500575,0.5388162951575711,Crypto 4h,ETHUSDT,2019-01-01,2026-09-23
MODEL-FLIP,252,,0.7041236203480726,0.7263069965174107,-0.6005479964006352,66.92425234670667,1.0,Crypto 4h,ETHUSDT,2019-01-01,2026-09-23
BUY & HOLD,0,,0.503746460444477,0.4778349898477512,-0.8111811930154683,19.444029850746272,1.0,Crypto 4h,ETHUSDT,2019-01-01,2026-09-23
ORIGINAL,260,0.34615384615384615,0.5044623702680083,0.43645328935085503,-0.7765940946723622,15.41602471457259,0.8158221486430557,Crypto 4h,BNBUSDT,2019-01-01,2026-09-23
HYBRID,149,0.348993288590604,0.3301079177341914,0.19681440529223915,-0.7087816049703528,3.007300284982521,0.5225566132560752,Crypto 4h,BNBUSDT,2019-01-01,2026-09-23
MODEL-FLIP,230,,0.6775494902421894,0.69898100211451,-0.6758623107807814,59.04626497218701,1.0,Crypto 4h,BNBUSDT,2019-01-01,2026-09-23
BUY & HOLD,0,,0.8066226358463403,0.8791904568058071,-0.779876355301908,129.84504160414676,1.0,Crypto 4h,BNBUSDT,2019-01-01,2026-09-23
ORIGINAL,259,0.3436293436293436,0.24294261517447688,0.227325450384114,-0.8082015747058597,3.8676805694744774,0.7513746821971264,Crypto 4h,XRPUSDT,2019-01-01,2026-09-23
HYBRID,166,0.37349397590361444,-0.0903493158017832,-0.05397291649658986,-0.7809746512277036,-0.34863292559424297,0.5238573878081949,Crypto 4h,XRPUSDT,2019-01-01,2026-09-23
MODEL-FLIP,264,,-0.0628365703053869,-0.05651627837583839,-0.9325946777657097,-0.3620411992977526,1.0,Crypto 4h,XRPUSDT,2019-01-01,2026-09-23
BUY & HOLD,0,,0.20406028674378532,0.20788028941360248,-0.8446614186469359,3.3026323335435883,1.0,Crypto 4h,XRPUSDT,2019-01-01,2026-09-23
ORIGINAL,260,0.36923076923076925,0.6536938318616003,0.7978690693705472,-0.7735143943047764,91.96415606787889,0.8149352569029741,Crypto 4h,ADAUSDT,2019-01-01,2026-09-23
HYBRID,183,0.36065573770491804,0.31518140393065647,0.2725064435495639,-0.7869981910054329,5.436141409116922,0.6004848341512447,Crypto 4h,ADAUSDT,2019-01-01,2026-09-23
MODEL-FLIP,282,,0.1732112018034849,0.18167867931363935,-0.9577267692712613,2.632000872115324,1.0,Crypto 4h,ADAUSDT,2019-01-01,2026-09-23
BUY & HOLD,0,,0.23908239449900298,0.25909752447644196,-0.9537401574803149,4.930348258706451,1.0,Crypto 4h,ADAUSDT,2019-01-01,2026-09-23
ORIGINAL,283,0.33568904593639576,-0.00862959808538334,-0.006365505642222158,-0.8064502197943513,-0.04814109474479067,0.7927629634009342,Crypto 4h,TRXUSDT,2019-01-01,2026-09-23
HYBRID,151,0.3708609271523179,0.16080588892817874,0.09200774480468876,-0.711579293792737,0.9739680394761732,0.4538520664577544,Crypto 4h,TRXUSDT,2019-01-01,2026-09-23
MODEL-FLIP,232,,0.33922000671931624,0.3102420905263408,-0.8414848548696554,7.06646532272096,1.0,Crypto 4h,TRXUSDT,2019-01-01,2026-09-23
BUY & HOLD,0,,0.4729164482910795,0.45739539636491,-0.7905876494023905,17.358369098712796,1.0,Crypto 4h,TRXUSDT,2019-01-01,2026-09-23
ORIGINAL,231,0.3939393939393939,0.6466442456666774,1.027294353995317,-0.8379558012037306,163.38082046354978,0.7468835031323167,Crypto 4h,DOGEUSDT,2019-07-05,2026-09-23
HYBRID,145,0.3793103448275862,0.13141296686105777,0.09709650068924791,-0.8530957506188451,0.9523429207511436,0.5234449155223692,Crypto 4h,DOGEUSDT,2019-07-05,2026-09-23
MODEL-FLIP,238,,0.18927201282506823,0.250271930830275,-0.9821540415872182,4.01584916230731,1.0,Crypto 4h,DOGEUSDT,2019-07-05,2026-09-23
BUY & HOLD,0,,0.3769659062037432,0.5601202393732374,-0.9294398092967814,23.805372000321707,1.0,Crypto 4h,DOGEUSDT,2019-07-05,2026-09-23
ORIGINAL,245,0.3836734693877551,0.6368024009009525,0.9726696213025772,-0.832390787003059,163.37508978311018,0.8131273191799988,Crypto 4h,ZECUSDT,2019-03-21,2026-09-23
HYBRID,149,0.40939597315436244,0.83401332331789,1.1208499048913723,-0.7023581643689585,282.18159369543474,0.6094652959425756,Crypto 4h,ZECUSDT,2019-03-21,2026-09-23
MODEL-FLIP,252,,0.8236532892010302,1.5621485896138512,-0.7206733101630489,1170.082858198139,1.0,Crypto 4h,ZECUSDT,2019-03-21,2026-09-23
BUY & HOLD,0,,0.37969513214643497,0.5431179419175705,-0.9550060247562713,24.993407356002766,1.0,Crypto 4h,ZECUSDT,2019-03-21,2026-09-23
ORIGINAL,235,0.3659574468085106,0.4597749552065591,0.4768169552739048,-0.7337979857201593,13.282543987103972,0.7755375443767164,Crypto 4h,BCHUSDT,2019-11-28,2026-09-23
HYBRID,157,0.34394904458598724,0.22435828982758171,0.1642086456708305,-0.6293647342971724,1.8205206867986217,0.5668162636479336,Crypto 4h,BCHUSDT,2019-11-28,2026-09-23
MODEL-FLIP,248,,-0.021540452575486268,-0.019498183174747274,-0.9190526499928863,-0.12566427529271273,1.0,Crypto 4h,BCHUSDT,2019-11-28,2026-09-23
BUY & HOLD,0,,0.0693636904925197,0.06544106474468969,-0.9441067122186495,0.5408144631117611,1.0,Crypto 4h,BCHUSDT,2019-11-28,2026-09-23
ORIGINAL,209,0.3588516746411483,0.8108234860860648,1.3885267429255452,-0.775778083337827,204.48463875104062,0.814773321383225,Crypto 4h,SOLUSDT,2020-08-11,2026-09-23
HYBRID,137,0.36496350364963503,0.7249744961476629,0.8829494825844286,-0.7342600256026224,46.97465607471529,0.5783852416162522,Crypto 4h,SOLUSDT,2020-08-11,2026-09-23
MODEL-FLIP,226,,0.6556971386903552,1.1457349292104815,-0.8540871744322733,105.6689873438042,1.0,Crypto 4h,SOLUSDT,2020-08-11,2026-09-23
BUY & HOLD,0,,0.5157776204978403,0.8229009129541895,-0.9659882371149977,38.34779633178211,1.0,Crypto 4h,SOLUSDT,2020-08-11,2026-09-23
ORIGINAL,47,0.3617021276595745,0.7092818706575804,0.532696760413814,-0.531926733144422,26.09410219266946,0.9149840595111584,Crypto 1D,BTCUSDT,2019-01-01,2026-09-23
HYBRID,22,0.3181818181818182,0.4648424978051923,0.24641666710465415,-0.6142171480164923,4.48421929327612,0.4640453418349274,Crypto 1D,BTCUSDT,2019-01-01,2026-09-23
MODEL-FLIP,42,,0.4935475694203252,0.3595595644120184,-0.7593343927039833,9.731575075840942,1.0,Crypto 1D,BTCUSDT,2019-01-01,2026-09-23
BUY & HOLD,0,,0.6448943815263614,0.4939124453627244,-0.7662925431645934,21.226625828913335,1.0,Crypto 1D,BTCUSDT,2019-01-01,2026-09-23
ORIGINAL,45,0.4,0.37139852969978154,0.3375398275086796,-0.8304899350232505,8.45960246710828,0.9323414806942969,Crypto 1D,ETHUSDT,2019-01-01,2026-09-23
HYBRID,18,0.5,0.2597245605757404,0.11988000366009866,-0.7402960181588876,1.3983330933021088,0.3273113708820404,Crypto 1D,ETHUSDT,2019-01-01,2026-09-23
MODEL-FLIP,32,,0.6352389867384358,0.6823928027796633,-0.7119038778389972,54.66262235651853,1.0,Crypto 1D,ETHUSDT,2019-01-01,2026-09-23
BUY & HOLD,0,,0.46768630579903875,0.46686684469052797,-0.7930253453633334,18.30057512580877,1.0,Crypto 1D,ETHUSDT,2019-01-01,2026-09-23
ORIGINAL,40,0.525,0.9108587194797468,1.0842097680528981,-0.7203550638029675,290.21249958953985,0.9249025859015232,Crypto 1D,BNBUSDT,2019-01-01,2026-09-23
HYBRID,17,0.47058823529411764,0.15585693443657483,0.07204543594921575,-0.6434594083139153,0.7117235138855822,0.3149132128940843,Crypto 1D,BNBUSDT,2019-01-01,2026-09-23
MODEL-FLIP,32,,0.6408988299401636,0.6959186549579537,-0.9454885150301886,58.215100201533375,1.0,Crypto 1D,BNBUSDT,2019-01-01,2026-09-23
BUY & HOLD,0,,0.7621039012669268,0.8740193836613162,-0.7606666563244959,127.08879986646642,1.0,Crypto 1D,BNBUSDT,2019-01-01,2026-09-23
ORIGINAL,44,0.36363636363636365,0.07704120800825735,0.07511199686165071,-0.8430916372504036,0.7499196523129836,0.906128232376904,Crypto 1D,XRPUSDT,2019-01-01,2026-09-23
HYBRID,29,0.27586206896551724,-0.3951729181898985,-0.20879710331054036,-0.9102838636041788,-0.8362617242700884,0.5171803046404534,Crypto 1D,XRPUSDT,2019-01-01,2026-09-23
MODEL-FLIP,40,,-0.00725839968661693,-0.006993235245029927,-0.8912547153844952,-0.05277730072186282,1.0,Crypto 1D,XRPUSDT,2019-01-01,2026-09-23
BUY & HOLD,0,,0.19082359345802025,0.20257701366903058,-0.8323958401465106,3.1588137472283853,1.0,Crypto 1D,XRPUSDT,2019-01-01,2026-09-23
ORIGINAL,50,0.42,0.5736237762444274,0.7187462430209466,-0.9177898716337942,64.65935681089225,0.9075451647183846,Crypto 1D,ADAUSDT,2019-01-01,2026-09-23
HYBRID,30,0.26666666666666666,-0.4409246089695572,-0.2387584843252668,-0.9501996270304468,-0.8784885779370473,0.43216436415161175,Crypto 1D,ADAUSDT,2019-01-01,2026-09-23
MODEL-FLIP,48,,0.12982517142562866,0.13464552803939167,-0.9656279982392226,1.6537605919771723,1.0,Crypto 1D,ADAUSDT,2019-01-01,2026-09-23
BUY & HOLD,0,,0.23100521152946152,0.2520566395293884,-0.951550910316925,4.678894711767546,1.0,Crypto 1D,ADAUSDT,2019-01-01,2026-09-23
ORIGINAL,51,0.3137254901960784,-0.23115634642062288,-0.16651856889969818,-0.9258908019065273,-0.7551923728956075,0.8955012398157988,Crypto 1D,TRXUSDT,2019-01-01,2026-09-23
HYBRID,16,0.375,0.04547784623265623,0.02069978708730469,-0.5408439038345988,0.171515522072474,0.2720510095642933,Crypto 1D,TRXUSDT,2019-01-01,2026-09-23
MODEL-FLIP,26,,0.5617594773729199,0.5888831412642268,-0.6805550043642543,34.78324144456175,1.0,Crypto 1D,TRXUSDT,2019-01-01,2026-09-23
BUY & HOLD,0,,0.4515922597252648,0.4510414280281865,-0.7816718587746625,16.74896265560163,1.0,Crypto 1D,TRXUSDT,2019-01-01,2026-09-23
ORIGINAL,45,0.35555555555555557,0.47681816149891537,0.7944593499584418,-0.907078995072529,67.12833428621343,0.8904473085670963,Crypto 1D,DOGEUSDT,2019-07-05,2026-09-23
HYBRID,21,0.2857142857142857,-0.3256643864115819,-0.16747986068980425,-0.8833057344820314,-0.7337602071738427,0.4476876421531463,Crypto 1D,DOGEUSDT,2019-07-05,2026-09-23
MODEL-FLIP,34,,0.28646362485311994,0.43334830884118203,-0.9806159076529019,12.452859417254283,1.0,Crypto 1D,DOGEUSDT,2019-07-05,2026-09-23
BUY & HOLD,0,,0.3500996311143886,0.5526277198977467,-0.9233133281145804,22.958037260019193,1.0,Crypto 1D,DOGEUSDT,2019-07-05,2026-09-23
ORIGINAL,53,0.39622641509433965,0.2190332639260655,0.26892580316423054,-0.9441539745044477,4.981337242972607,0.896865889212828,Crypto 1D,ZECUSDT,2019-03-21,2026-09-23
HYBRID,28,0.35714285714285715,0.03125033571541361,0.0254545314980259,-0.9210336628054715,0.20776212598712296,0.560131195335277,Crypto 1D,ZECUSDT,2019-03-21,2026-09-23
MODEL-FLIP,52,,0.18816338417518816,0.23529092696865828,-0.9750585244474866,3.8885512229007526,1.0,Crypto 1D,ZECUSDT,2019-03-21,2026-09-23
BUY & HOLD,0,,0.3915723207712558,0.552256030203875,-0.9428142870535295,26.171926006528842,1.0,Crypto 1D,ZECUSDT,2019-03-21,2026-09-23
ORIGINAL,45,0.4222222222222222,-0.024560449278435637,-0.022269649569848893,-0.8860676588521779,-0.1423810414427099,0.9028892455858748,Crypto 1D,BCHUSDT,2019-11-28,2026-09-23
HYBRID,20,0.45,0.11400120366452912,0.06580338679766484,-0.5959957847511697,0.5443915458359161,0.4438202247191011,Crypto 1D,BCHUSDT,2019-11-28,2026-09-23
MODEL-FLIP,34,,0.1831033333703208,0.19289286505016578,-0.8524459245867317,2.329820163987894,1.0,Crypto 1D,BCHUSDT,2019-11-28,2026-09-23
BUY & HOLD,0,,0.06694926887745366,0.06660859702220545,-0.9424882553262984,0.5523664964813035,1.0,Crypto 1D,BCHUSDT,2019-11-28,2026-09-23
ORIGINAL,32,0.5,1.0559234321341162,2.180975875129806,-0.7140543203883027,1184.3306198076427,0.9351230425055929,Crypto 1D,SOLUSDT,2020-08-11,2026-09-23
HYBRID,18,0.3888888888888889,0.35128837588508555,0.2398588226090026,-0.7038240637456143,2.7247582315672028,0.40939597315436244,Crypto 1D,SOLUSDT,2020-08-11,2026-09-23
MODEL-FLIP,34,,0.42223175176283556,0.6170485250095459,-0.9047084191081786,17.907105600640868,1.0,Crypto 1D,SOLUSDT,2020-08-11,2026-09-23
BUY & HOLD,0,,0.5101577379536387,0.7871745144907083,-0.9626992725584275,33.86130059117781,1.0,Crypto 1D,SOLUSDT,2020-08-11,2026-09-23
ORIGINAL,371,0.38274932614555257,0.336193384752617,0.05772396017362147,-0.23051379912026282,1.1384672726232865,0.8526713437668646,Gold+FX,XAU_USD,2006-10-27,2020-05-14
HYBRID,246,0.3699186991869919,0.3938567772781746,0.05506580436639563,-0.2972407534913104,1.0668151274575814,0.6174671703543803,Gold+FX,XAU_USD,2006-10-27,2020-05-14
MODEL-FLIP,360,,0.3707261597391933,0.06815300643478905,-0.289822665326519,1.442395060653796,1.0,Gold+FX,XAU_USD,2006-10-27,2020-05-14
BUY & HOLD,0,,0.4372632476688791,0.0808646255583747,-0.4497269479606335,1.866840477981115,1.0,Gold+FX,XAU_USD,2006-10-27,2020-05-14
ORIGINAL,489,0.3496932515337423,-0.34798863616316367,-0.030142308429420006,-0.48930361891723984,-0.3635844472920502,0.854476701634545,Gold+FX,EUR_USD,2005-08-08,2020-05-14
HYBRID,317,0.3470031545741325,-0.14165261679678803,-0.010902037234350903,-0.3041990327007785,-0.14943544352109306,0.626616247865333,Gold+FX,EUR_USD,2005-08-08,2020-05-14
MODEL-FLIP,504,,-0.020283241151715783,-0.0019435181796640943,-0.26660147185641403,-0.02831578969127868,1.0,Gold+FX,EUR_USD,2005-08-08,2020-05-14
BUY & HOLD,0,,-0.09546488989850245,-0.009114117122605236,-0.35183079940534967,-0.12644923435150357,1.0,Gold+FX,EUR_USD,2005-08-08,2020-05-14
ORIGINAL,500,0.336,-0.49150538876769595,-0.04456967452804861,-0.5347793818548784,-0.4898613510814356,0.8481564473416174,Gold+FX,GBP_USD,2005-08-09,2020-05-14
HYBRID,347,0.3256484149855908,-0.37034199182928107,-0.028625661715365736,-0.41093879956327406,-0.3486788574945685,0.6566714198411082,Gold+FX,GBP_USD,2005-08-09,2020-05-14
MODEL-FLIP,517,,-0.2371837690882183,-0.023465559523270674,-0.3932171175883993,-0.29569177379372225,1.0,Gold+FX,GBP_USD,2005-08-09,2020-05-14
BUY & HOLD,0,,-0.2586041504487504,-0.025556460513498802,-0.4567031301794754,-0.31762894965156185,1.0,Gold+FX,GBP_USD,2005-08-09,2020-05-14
ORIGINAL,438,0.3812785388127854,0.057855537241584154,0.006832346354918473,-0.4103347968734078,0.10574515094685855,0.8523476279599642,Gold+FX,AUD_USD,2005-08-08,2020-05-14
HYBRID,311,0.36012861736334406,-0.17377725511297085,-0.01670849719109757,-0.5055367862011743,-0.2202196043294149,0.6395963870127757,Gold+FX,AUD_USD,2005-08-08,2020-05-14
MODEL-FLIP,498,,-0.21356705358624592,-0.02727988023421113,-0.5875136192700547,-0.33522992582992794,1.0,Gold+FX,AUD_USD,2005-08-08,2020-05-14
BUY & HOLD,0,,-0.09051007778029933,-0.011652357072483022,-0.4975324933567128,-0.15888583758336638,1.0,Gold+FX,AUD_USD,2005-08-08,2020-05-14
ORIGINAL,440,0.29772727272727273,-0.46857986833098636,-0.04046440281172703,-0.5677901874194713,-0.456466741942374,0.8515618628170623,Gold+FX,USD_CAD,2005-08-09,2020-05-14
HYBRID,317,0.3280757097791798,-0.029365176461643577,-0.0023503790813308445,-0.4144501898828259,-0.03413562058360431,0.706426881983525,Gold+FX,USD_CAD,2005-08-09,2020-05-14
MODEL-FLIP,520,,-0.30345914119341744,-0.02875041670522338,-0.5028674261460278,-0.34986072737101925,1.0,Gold+FX,USD_CAD,2005-08-09,2020-05-14
BUY & HOLD,0,,0.10604459218278538,0.010246154149153641,-0.2757222854681396,0.16237019943958964,1.0,Gold+FX,USD_CAD,2005-08-09,2020-05-14
ORIGINAL,458,0.3406113537117904,-0.2149341915414474,-0.023910777374173353,-0.4718842059089865,-0.30041724836192685,0.8566368078175896,Gold+FX,EUR_JPY,2005-08-09,2020-05-14
HYBRID,303,0.33663366336633666,-0.33504625316807607,-0.03036132292451721,-0.48678507461530796,-0.3656496094989513,0.5780130293159609,Gold+FX,EUR_JPY,2005-08-09,2020-05-14
MODEL-FLIP,484,,-0.281253559390056,-0.03411887348331921,-0.49974351269598716,-0.40098740452717563,1.0,Gold+FX,EUR_JPY,2005-08-09,2020-05-14
BUY & HOLD,0,,-0.10030741210214035,-0.012305462757995489,-0.4450308034820305,-0.16705381618813964,1.0,Gold+FX,EUR_JPY,2005-08-09,2020-05-14
ORIGINAL,437,0.391304347826087,-0.010403126984899166,-0.0015921106894928316,-0.6087081635084632,-0.023247758718325517,0.845210446970623,Gold+FX,AUD_JPY,2005-08-09,2020-05-14
HYBRID,272,0.3639705882352941,0.029040040597095862,0.003802091168661592,-0.5120801123042397,0.05762085120768856,0.5941001507558163,Gold+FX,AUD_JPY,2005-08-09,2020-05-14
MODEL-FLIP,448,,-0.03630100758376993,-0.006030999898280376,-0.6743501385098813,-0.08543080207507359,1.0,Gold+FX,AUD_JPY,2005-08-09,2020-05-14
BUY & HOLD,0,,-0.08954364112279785,-0.014809405215158722,-0.48003046515083947,-0.1976888058830394,1.0,Gold+FX,AUD_JPY,2005-08-09,2020-05-14
ORIGINAL,444,0.3108108108108108,-0.4055493839402265,-0.06749924676740249,-0.7113623494062664,-0.6429785496782932,0.8689989785495403,Indices,SPX500_USD,2005-08-18,2020-05-14
HYBRID,258,0.3333333333333333,-0.2789285339678779,-0.03980903468177044,-0.5743179136346958,-0.45047283462390464,0.5038729996595165,Indices,SPX500_USD,2005-08-18,2020-05-14
MODEL-FLIP,387,,-0.09743467599103862,-0.0188343379744087,-0.6855082308175664,-0.24438625384476442,1.0,Indices,SPX500_USD,2005-08-18,2020-05-14
BUY & HOLD,0,,0.2913523132525492,0.058492771984342884,-0.5756209108810265,1.3112479474548437,1.0,Indices,SPX500_USD,2005-08-18,2020-05-14
ORIGINAL,461,0.3036876355748373,-0.4277631708763533,-0.07968490973517961,-0.7606286103422125,-0.7058951719383063,0.864773984847195,Indices,NAS100_USD,2005-08-18,2020-05-14
HYBRID,304,0.3092105263157895,-0.34478907628315003,-0.055678527719198456,-0.7050682470103911,-0.5701466836654696,0.5990465650804461,Indices,NAS100_USD,2005-08-18,2020-05-14
MODEL-FLIP,403,,-0.0612261896969694,-0.013250801723661776,-0.7686646319937185,-0.17847568756379195,1.0,Indices,NAS100_USD,2005-08-18,2020-05-14
BUY & HOLD,0,,0.5428626853355552,0.1255186422449932,-0.5424728540149244,4.712527751347924,1.0,Indices,NAS100_USD,2005-08-18,2020-05-14
ORIGINAL,465,0.35053763440860214,-0.08511095107543212,-0.019321539954907374,-0.6564083265572758,-0.24989712196008784,0.861045487736781,Indices,US2000_USD,2005-08-17,2020-05-14
HYBRID,311,0.3311897106109325,-0.36674772299843944,-0.06590748708730176,-0.6806176504025172,-0.6338908081749846,0.5783686267772002,Indices,US2000_USD,2005-08-17,2020-05-14
MODEL-FLIP,417,,0.07587164534347512,0.019091811873020115,-0.5060852548839923,0.321437323581802,1.0,Indices,US2000_USD,2005-08-17,2020-05-14
BUY & HOLD,0,,0.17142230727434588,0.043649814330883885,-0.5992038075112319,0.8769723564307996,1.0,Indices,US2000_USD,2005-08-17,2020-05-14
ORIGINAL,307,0.33876221498371334,-0.25940495727568,-0.04783278118722556,-0.5956446110937232,-0.5023271646093217,0.8678599792290305,Indices,UK100_GBP,2006-02-16,2020-05-14
HYBRID,196,0.3469387755102041,-0.2746646057962332,-0.04246948002075013,-0.5463502532115625,-0.4608951445991326,0.521656790274299,Indices,UK100_GBP,2006-02-16,2020-05-14
MODEL-FLIP,286,,-0.34349692510322,-0.0677351637448369,-0.735423007249462,-0.6315857477077321,1.0,Indices,UK100_GBP,2006-02-16,2020-05-14
BUY & HOLD,0,,-0.00043434938960262723,-8.867653181909851e-05,-0.4857693447969168,-0.001261731510448505,1.0,Indices,UK100_GBP,2006-02-16,2020-05-14
ORIGINAL,395,0.3493670886075949,-0.05514935894237394,-0.012252585721687415,-0.590372464129773,-0.16063559985513876,0.8664599330576885,Indices,JP225_USD,2006-02-28,2020-05-14
HYBRID,248,0.3548387096774194,-0.05062709844055479,-0.009274385955939657,-0.4735709799013128,-0.123963720588815,0.5636444181925576,Indices,JP225_USD,2006-02-28,2020-05-14
MODEL-FLIP,360,,-0.0348786164079423,-0.00863003821347752,-0.5503554948062819,-0.1158360806385722,1.0,Indices,JP225_USD,2006-02-28,2020-05-14
BUY & HOLD,0,,0.062168113581782466,0.015570316884824686,-0.6195218796659394,0.24539931099279677,1.0,Indices,JP225_USD,2006-02-28,2020-05-14
ORIGINAL,379,0.3403693931398417,-0.2784617994432414,-0.04720910929514166,-0.6513749397237493,-0.5071528319251877,0.8602214608471126,Indices,AU200_AUD,2005-09-26,2020-05-14
HYBRID,247,0.3076923076923077,-0.6189625048400693,-0.08717533630060958,-0.7682975012821773,-0.7367159233618747,0.49068970653955013,Indices,AU200_AUD,2005-09-26,2020-05-14
MODEL-FLIP,392,,-0.5254540647281598,-0.09843931970061004,-0.824272307506516,-0.7804527810911676,1.0,Indices,AU200_AUD,2005-09-26,2020-05-14
BUY & HOLD,0,,0.04914290072443721,0.009738162350215296,-0.5445220012584686,0.15233521535033523,1.0,Indices,AU200_AUD,2005-09-26,2020-05-14
ORIGINAL,293,0.35494880546075086,-0.11226240911169401,-0.023861225000508135,-0.5857287110484386,-0.29361545271373635,0.8950422606282327,Indices,FR40_EUR,2005-12-21,2020-05-14
HYBRID,187,0.32620320855614976,-0.2808531884424938,-0.04910888635029276,-0.5942646074247262,-0.5155610736637151,0.5476220512173584,Indices,FR40_EUR,2005-12-21,2020-05-14
MODEL-FLIP,298,,-0.4656098289348255,-0.10257038244136552,-0.821054714826752,-0.7893602657849251,1.0,Indices,FR40_EUR,2005-12-21,2020-05-14
BUY & HOLD,0,,-0.03121300469672348,-0.0072280440388560185,-0.5970117879145582,-0.09914429035113614,1.0,Indices,FR40_EUR,2005-12-21,2020-05-14
ORIGINAL,236,0.3855932203389831,0.23936689813015355,0.04502760609155687,-0.4322844694635246,0.6440583540046159,0.8876584817846253,Indices,NL25_EUR,2009-01-28,2020-05-14
HYBRID,149,0.40939597315436244,0.34517585469803824,0.05289366005189389,-0.3093337106060339,0.7892866034184283,0.5686888139945434,Indices,NL25_EUR,2009-01-28,2020-05-14
MODEL-FLIP,210,,0.3276717638233368,0.06635690019509344,-0.44574588268214255,1.0652317529094852,1.0,Indices,NL25_EUR,2009-01-28,2020-05-14
BUY & HOLD,0,,0.30805067183049356,0.06225624654763995,-0.37170098435493804,0.9773358092643261,1.0,Indices,NL25_EUR,2009-01-28,2020-05-14
ORIGINAL,71,0.36619718309859156,0.3002168872888808,0.08421118914795689,-0.6125254549614498,2.563855536494932,0.884138628889451,Stocks,AAPL,2011-01-03,2026-09-22
HYBRID,50,0.34,0.2742859820778783,0.061009676825401815,-0.6084462437102505,1.5366275073051914,0.5385782949658487,Stocks,AAPL,2011-01-03,2026-09-22
MODEL-FLIP,72,,0.32331619238905757,0.09547165596946017,-0.6339928005771426,3.192285531576145,1.0,Stocks,AAPL,2011-01-03,2026-09-22
BUY & HOLD,0,,0.7594359514492153,0.23854176609219335,-0.4437687017144154,27.86488457325869,1.0,Stocks,AAPL,2011-01-03,2026-09-22
ORIGINAL,61,0.2786885245901639,-0.029115451365771722,-0.006950397577378142,-0.6342240413281104,-0.10383235510287625,0.855046799898811,Stocks,MSFT,2011-01-03,2026-09-22
HYBRID,35,0.2,-0.3773031784454069,-0.05902841737288589,-0.7837948077061552,-0.615695459801969,0.29041234505438906,Stocks,MSFT,2011-01-03,2026-09-22
MODEL-FLIP,64,,0.1212353686994254,0.03238902921659803,-0.7532003088403543,0.6504040425198925,1.0,Stocks,MSFT,2011-01-03,2026-09-22
BUY & HOLD,0,,0.6975824701514333,0.20102191168658723,-0.375564661050386,16.798427739366456,1.0,Stocks,MSFT,2011-01-03,2026-09-22
ORIGINAL,52,0.36538461538461536,0.5479955732281122,0.2618496430444843,-0.7142412000477866,37.69347543373909,0.9162661269921578,Stocks,NVDA,2011-01-03,2026-09-22
HYBRID,32,0.375,0.24465421208315716,0.07610277871649074,-0.7277475376703053,2.1672134325684067,0.4685049329623071,Stocks,NVDA,2011-01-03,2026-09-22
MODEL-FLIP,52,,0.6564997995930124,0.34565640928420804,-0.7334621930891134,105.31332096255949,1.0,Stocks,NVDA,2011-01-03,2026-09-22
BUY & HOLD,0,,0.8955212276169826,0.4988225923616154,-0.6636205530533913,577.6851899715318,1.0,Stocks,NVDA,2011-01-03,2026-09-22
ORIGINAL,69,0.4057971014492754,0.20633900584318463,0.05629597751541193,-0.5057897621858848,1.3651707601418823,0.9018466987098406,Stocks,GOOGL,2011-01-03,2026-09-22
HYBRID,49,0.30612244897959184,0.08935973010571353,0.02139333003863464,-0.5896695277258684,0.3947483658419444,0.6569693903364533,Stocks,GOOGL,2011-01-03,2026-09-22
MODEL-FLIP,70,,0.21058087230181724,0.06029178686649339,-0.6164435294379724,1.5097844836766319,1.0,Stocks,GOOGL,2011-01-03,2026-09-22
BUY & HOLD,0,,0.7204270760157658,0.22150900110830496,-0.44320051414405315,22.21891933117891,1.0,Stocks,GOOGL,2011-01-03,2026-09-22
ORIGINAL,68,0.3382352941176471,-0.09713008115110533,-0.028822761839076838,-0.7220276590499481,-0.3685227208181656,0.8646597520870225,Stocks,AMZN,2011-01-03,2026-09-22
HYBRID,39,0.20512820512820512,-0.3491901278192314,-0.0724998438702481,-0.7957569797915071,-0.6936335022175686,0.39160131545661525,Stocks,AMZN,2011-01-03,2026-09-22
MODEL-FLIP,68,,0.09749496223803303,0.032533480806370196,-0.784094770496963,0.6540374472867756,1.0,Stocks,AMZN,2011-01-03,2026-09-22
BUY & HOLD,0,,0.6438693370750911,0.23524932159475087,-0.5614526325328263,26.68211741158037,1.0,Stocks,AMZN,2011-01-03,2026-09-22
ORIGINAL,58,0.3620689655172414,0.238694821971997,0.0901297114461117,-0.5438652143878293,2.4488522715014867,0.8960066555740432,Stocks,META,2012-05-18,2026-09-22
HYBRID,32,0.34375,0.45366501402298176,0.13833478206994165,-0.6118417433741515,5.41606171326532,0.4983361064891847,Stocks,META,2012-05-18,2026-09-22
MODEL-FLIP,46,,0.38946305131285386,0.1680434084743634,-0.7251850891710501,8.28515972153724,1.0,Stocks,META,2012-05-18,2026-09-22
BUY & HOLD,0,,0.5171964486220791,0.22901692763841663,-0.7673609153644645,18.267590489300037,1.0,Stocks,META,2012-05-18,2026-09-22
ORIGINAL,57,0.2807017543859649,0.1413118687180759,0.026335402376258976,-0.49818220055871243,0.5045772019189478,0.9397773279352226,Stocks,BRK-B,2011-01-03,2026-09-21
HYBRID,34,0.29411764705882354,0.04856273715567074,0.007139680974903584,-0.5557346439774696,0.11829289448446834,0.527834008097166,Stocks,BRK-B,2011-01-03,2026-09-21
MODEL-FLIP,54,,0.18680787050079067,0.03606300877076296,-0.614442326634333,0.745009059243942,1.0,Stocks,BRK-B,2011-01-03,2026-09-21
BUY & HOLD,0,,0.6152656360474846,0.12360421656506437,-0.2956993612851109,5.243128801176521,1.0,Stocks,BRK-B,2011-01-03,2026-09-21
ORIGINAL,50,0.24,0.2201103287706712,0.08431074539991035,-0.625145858442686,2.5690026714672833,0.9324563622565141,Stocks,AVGO,2011-01-03,2026-09-22
HYBRID,36,0.2777777777777778,0.06276331939200605,0.017961987092013798,-0.5793828589650476,0.3228928931097812,0.536048570705793,Stocks,AVGO,2011-01-03,2026-09-22
MODEL-FLIP,49,,0.42328437864701884,0.17655392722797547,-0.5170920869232218,11.878846393311468,1.0,Stocks,AVGO,2011-01-03,2026-09-22
BUY & HOLD,0,,0.8084390662501025,0.36373785526126023,-0.4878889175941572,130.12950082610317,1.0,Stocks,AVGO,2011-01-03,2026-09-22
ORIGINAL,80,0.275,-0.06954347379748599,-0.036020041414513426,-0.8621496245388953,-0.438201107028108,0.8570705793068556,Stocks,TSLA,2011-01-03,2026-09-22
HYBRID,60,0.2833333333333333,0.20784044606124932,0.10242963619906531,-0.8910557445701636,3.630961655295981,0.6544396660763977,Stocks,TSLA,2011-01-03,2026-09-22
MODEL-FLIP,82,,0.3038101913870243,0.18712448645641766,-0.910084142774342,13.822872260437933,1.0,Stocks,TSLA,2011-01-03,2026-09-22
BUY & HOLD,0,,0.6046965958763534,0.40669516469441747,-0.736322174421912,212.50483704357626,1.0,Stocks,TSLA,2011-01-03,2026-09-22
ORIGINAL,64,0.328125,-0.09094949885220084,-0.02248683869801915,-0.6356953659677054,-0.3005216644808002,0.8724696356275303,Stocks,LLY,2011-01-03,2026-09-21
HYBRID,41,0.24390243902439024,-0.19798150487250535,-0.0384265359315028,-0.7406230723316176,-0.45978700177765275,0.47191295546558704,Stocks,LLY,2011-01-03,2026-09-21
MODEL-FLIP,54,,0.30175763818205725,0.08524084844799518,-0.6096000509969237,2.616617087151231,1.0,Stocks,LLY,2011-01-03,2026-09-21
BUY & HOLD,0,,0.8237199572150934,0.2498627350021938,-0.34829481501901416,32.28257184709821,1.0,Stocks,LLY,2011-01-03,2026-09-21
ORIGINAL,64,0.328125,0.012792802018669596,0.0033005762153945906,-0.536279791563852,0.05315775314407012,0.9213255755122691,Stocks,JPM,2011-01-03,2026-09-22
HYBRID,36,0.3055555555555556,-0.12586860592767357,-0.022545281727887945,-0.4323481246780332,-0.3012222158069958,0.3675689349860865,Stocks,JPM,2011-01-03,2026-09-22
MODEL-FLIP,60,,0.023826412893682657,0.006493526175769482,-0.632333542894632,0.10709038526166825,1.0,Stocks,JPM,2011-01-03,2026-09-22
BUY & HOLD,0,,0.481400009699337,0.13962616616021428,-0.43986107569220445,6.801743591431412,1.0,Stocks,JPM,2011-01-03,2026-09-22
ORIGINAL,50,0.3,0.11928433290265228,0.02777336378179851,-0.6620010626007962,0.5380488106522068,0.9129554655870445,Stocks,V,2011-01-03,2026-09-21
HYBRID,27,0.18518518518518517,-0.2671795598304411,-0.041210776354965284,-0.6699406451236648,-0.4838518280782055,0.2806174089068826,Stocks,V,2011-01-03,2026-09-21
MODEL-FLIP,42,,0.31421288394979785,0.07877231279078178,-0.6794256155186842,2.2923072000152938,1.0,Stocks,V,2011-01-03,2026-09-21
BUY & HOLD,0,,0.803657048753063,0.21371043756226982,-0.3636491160904074,19.98411967201391,1.0,Stocks,V,2011-01-03,2026-09-21
ORIGINAL,66,0.3939393939393939,0.10803999005911442,0.020629579606951554,-0.5647665630955995,0.37844551962303963,0.9203136858082469,Stocks,WMT,2011-01-03,2026-09-22
HYBRID,42,0.2619047619047619,-0.29991366620462806,-0.043482367255997856,-0.5649506204234794,-0.5027987190883678,0.47103465722236276,Stocks,WMT,2011-01-03,2026-09-22
MODEL-FLIP,57,,0.33054346112354244,0.06953680121916284,-0.3591033401746697,1.8767264412438558,1.0,Stocks,WMT,2011-01-03,2026-09-22
BUY & HOLD,0,,0.563639986634357,0.12139617071606046,-0.37636785638455894,5.054985547534042,1.0,Stocks,WMT,2011-01-03,2026-09-22
ORIGINAL,76,0.3684210526315789,-0.017005957786494823,-0.004135713319124545,-0.6845306998455785,-0.06305303037766918,0.8727226720647774,Stocks,XOM,2011-01-03,2026-09-21
HYBRID,47,0.2765957446808511,-0.2724217457415718,-0.04508624354544277,-0.5459623245512515,-0.5156811921880009,0.4483805668016194,Stocks,XOM,2011-01-03,2026-09-21
MODEL-FLIP,80,,0.028144017593357412,0.007212209641446199,-0.7266488637703705,0.11955916748580431,1.0,Stocks,XOM,2011-01-03,2026-09-21
BUY & HOLD,0,,0.187679097196054,0.04908315200736113,-0.6986970531663853,1.123407063335128,1.0,Stocks,XOM,2011-01-03,2026-09-21
ORIGINAL,63,0.2698412698412698,-0.18406050856279527,-0.047333842097392886,-0.7200395975664844,-0.5332888838172001,0.916244939271255,Stocks,UNH,2011-01-03,2026-09-21
HYBRID,39,0.2564102564102564,-0.2993152939680306,-0.06119001490077569,-0.7970291685897786,-0.6292754639879088,0.5048076923076923,Stocks,UNH,2011-01-03,2026-09-21
MODEL-FLIP,55,,0.01106419339318708,0.003132336208569342,-0.6489538711730878,0.0503763769409713,1.0,Stocks,UNH,2011-01-03,2026-09-21
BUY & HOLD,0,,0.5224224204943472,0.15902936650286836,-0.6197201051220138,9.168596463704846,1.0,Stocks,UNH,2011-01-03,2026-09-21
ORIGINAL,50,0.3,0.14141433971096165,0.03571180025500231,-0.6673788829082712,0.7357361636519073,0.9073886639676113,Stocks,MA,2011-01-03,2026-09-21
HYBRID,30,0.26666666666666666,-0.18195002571547034,-0.029904204630188613,-0.7301204194054998,-0.3794335189830037,0.40131578947368424,Stocks,MA,2011-01-03,2026-09-21
MODEL-FLIP,51,,0.08792849326564599,0.02341282334022221,-0.7794485947619787,0.43863898549489444,1.0,Stocks,MA,2011-01-03,2026-09-21
BUY & HOLD,0,,0.7861866164105553,0.22947761409170764,-0.4099721253417242,24.702967984869037,1.0,Stocks,MA,2011-01-03,2026-09-21
ORIGINAL,74,0.3108108108108108,0.11297752742794333,0.0347745416674301,-0.7924672638284573,0.7113754124614493,0.8808499873513786,Stocks,ORCL,2011-01-03,2026-09-22
HYBRID,40,0.25,0.041148199426925665,0.009053898841235641,-0.6010038415830916,0.1521950130962213,0.4748292436124462,Stocks,ORCL,2011-01-03,2026-09-22
MODEL-FLIP,60,,0.3675481899646402,0.12455469656146523,-0.5273920117059394,5.328676317666091,1.0,Stocks,ORCL,2011-01-03,2026-09-22
BUY & HOLD,0,,0.3090941261401534,0.10374433353563828,-0.6497730863261855,3.7185323525709117,1.0,Stocks,ORCL,2011-01-03,2026-09-22
ORIGINAL,71,0.28169014084507044,-0.010544199474415403,-0.0019967064062258455,-0.5392690808499463,-0.030921962422437388,0.8800607287449392,Stocks,COST,2011-01-03,2026-09-21
HYBRID,40,0.375,0.2382149810366488,0.03769353575918055,-0.47636352946577876,0.7886703960698449,0.5931174089068826,Stocks,COST,2011-01-03,2026-09-21
MODEL-FLIP,61,,0.30604780657645986,0.06524110541273354,-0.3677771819582649,1.699922153599509,1.0,Stocks,COST,2011-01-03,2026-09-21
BUY & HOLD,0,,0.7767176355605808,0.1737416015209876,-0.3151385559807476,11.397957297288878,1.0,Stocks,COST,2011-01-03,2026-09-21
ORIGINAL,70,0.3142857142857143,0.12222160288354035,0.02795931179885769,-0.46771472410000237,0.5424277022163135,0.9337044534412956,Stocks,HD,2011-01-03,2026-09-21
HYBRID,44,0.29545454545454547,0.1085512071155028,0.01830604887009235,-0.4844463150692532,0.32987227048486334,0.5544028340080972,Stocks,HD,2011-01-03,2026-09-21
MODEL-FLIP,63,,0.14199924827108865,0.03395804892666776,-0.5454463556611395,0.6901186100835666,1.0,Stocks,HD,2011-01-03,2026-09-21
BUY & HOLD,0,,0.5767821279603825,0.14516901301984464,-0.38405800637642196,7.416879089442279,1.0,Stocks,HD,2011-01-03,2026-09-21
ORIGINAL,68,0.29411764705882354,-0.2422100780489336,-0.03976479867920757,-0.6327519807064128,-0.47148210360313736,0.916751012145749,Stocks,PG,2011-01-03,2026-09-21
HYBRID,38,0.3684210526315789,0.1320622525664079,0.01631252262260574,-0.46058062092219554,0.2895420462758256,0.5495951417004049,Stocks,PG,2011-01-03,2026-09-21
MODEL-FLIP,66,,-0.025763483413327404,-0.004542001185707578,-0.5417216690054376,-0.06904220827623975,1.0,Stocks,PG,2011-01-03,2026-09-21
BUY & HOLD,0,,0.29309341511124837,0.05311558514974779,-0.2717740399603622,1.2553652833436177,1.0,Stocks,PG,2011-01-03,2026-09-21
ORIGINAL,69,0.2608695652173913,-0.21194060689745547,-0.03450907509299528,-0.63285234446087,-0.42414402015175423,0.9149797570850202,Stocks,JNJ,2011-01-03,2026-09-21
HYBRID,42,0.38095238095238093,0.17348690341378298,0.02398349131671429,-0.22693570661201978,0.4512976768576915,0.6508097165991903,Stocks,JNJ,2011-01-03,2026-09-21
MODEL-FLIP,70,,-0.026005834410438924,-0.004501196235838223,-0.591979154315655,-0.06844231698955527,1.0,Stocks,JNJ,2011-01-03,2026-09-21
BUY & HOLD,0,,0.5344856157763651,0.09708916884784258,-0.2782648521005331,3.289557506045404,1.0,Stocks,JNJ,2011-01-03,2026-09-21
ORIGINAL,67,0.40298507462686567,0.5416599543631371,0.28852188982436355,-0.7282192860089916,52.7555211969983,0.9309385277004807,Stocks,NFLX,2011-01-03,2026-09-22
HYBRID,37,0.3783783783783784,0.0388046195603843,0.013507569273160325,-0.7831072851240044,0.2347775913194845,0.4394131039716671,Stocks,NFLX,2011-01-03,2026-09-22
MODEL-FLIP,54,,0.5756029051368251,0.32112802154419673,-0.7257521122536841,78.61816601658983,1.0,Stocks,NFLX,2011-01-03,2026-09-22
BUY & HOLD,0,,0.439494526572107,0.23701964178264023,-0.8199043380565593,27.312319803750782,1.0,Stocks,NFLX,2011-01-03,2026-09-22
ORIGINAL,69,0.391304347826087,0.27353754575712336,0.0866705714720657,-0.5541780719052327,2.693064857852243,0.8914748292436124,Stocks,BAC,2011-01-03,2026-09-22
HYBRID,41,0.24390243902439024,-0.24145913776471464,-0.04789183486275139,-0.7105493987106342,-0.5376284849240274,0.3625094864659752,Stocks,BAC,2011-01-03,2026-09-22
MODEL-FLIP,63,,0.17439225504578598,0.058435053302857476,-0.6095126311120023,1.4415867291928515,1.0,Stocks,BAC,2011-01-03,2026-09-22
BUY & HOLD,0,,0.26888122610271037,0.09151546873206295,-0.6727869002545466,2.960535759326738,1.0,Stocks,BAC,2011-01-03,2026-09-22
ORIGINAL,62,0.3387096774193548,-0.09260573791689573,-0.022647035415919725,-0.6582576520218828,-0.2696362907353175,0.8689855072463768,Stocks,ABBV,2013-01-02,2026-09-21
HYBRID,43,0.2558139534883721,-0.26681635511571017,-0.05221646171139316,-0.6409928041276193,-0.5207875124508499,0.5791304347826087,Stocks,ABBV,2013-01-02,2026-09-21
MODEL-FLIP,60,,-0.04929848085282135,-0.013028999966001042,-0.7120457198240175,-0.16463660765873578,1.0,Stocks,ABBV,2013-01-02,2026-09-21
BUY & HOLD,0,,0.5536072324175985,0.1585777714280907,-0.48884019145997004,6.530752250285856,1.0,Stocks,ABBV,2013-01-02,2026-09-21
ORIGINAL,71,0.28169014084507044,-0.16852726786112712,-0.055115426424165004,-0.7126427859056997,-0.5897291095594523,0.8881578947368421,Stocks,CRM,2011-01-03,2026-09-21
HYBRID,47,0.3191489361702128,0.146413222067382,0.042876322613613294,-0.6268364462982372,0.9343424943249612,0.6141194331983806,Stocks,CRM,2011-01-03,2026-09-21
MODEL-FLIP,70,,-0.14718099853779146,-0.051798711336354275,-0.7916808057488731,-0.5665031778909961,1.0,Stocks,CRM,2011-01-03,2026-09-21
BUY & HOLD,0,,0.3408121599687893,0.13101898381859756,-0.5919210669264676,5.922986459891843,1.0,Stocks,CRM,2011-01-03,2026-09-21
ORIGINAL,64,0.25,-0.317442364371197,-0.049640929709070636,-0.6512671623711146,-0.5507379279537228,0.8674089068825911,Stocks,KO,2011-01-03,2026-09-21
HYBRID,37,0.21621621621621623,-0.1881702700625056,-0.021386261302529963,-0.5521360544711388,-0.28804222196725915,0.4549595141700405,Stocks,KO,2011-01-03,2026-09-21
MODEL-FLIP,66,,-0.20709281069044647,-0.03533349729237034,-0.6361376672374592,-0.43182312528819766,1.0,Stocks,KO,2011-01-03,2026-09-21
BUY & HOLD,0,,0.3600869286611887,0.0645258573258729,-0.3753533892217452,1.671573171296632,1.0,Stocks,KO,2011-01-03,2026-09-21
ORIGINAL,78,0.32051282051282054,-0.20778465119031356,-0.0521041297054432,-0.7290848361806427,-0.5686923164659763,0.882085020242915,Stocks,CVX,2011-01-03,2026-09-21
HYBRID,51,0.19607843137254902,-0.3566239591962859,-0.06489948912191545,-0.7344251897789489,-0.6516382889307166,0.45470647773279355,Stocks,CVX,2011-01-03,2026-09-21
MODEL-FLIP,70,,-0.06552333865394214,-0.017613039648462392,-0.5979320313757637,-0.2436568874036228,1.0,Stocks,CVX,2011-01-03,2026-09-21
BUY & HOLD,0,,0.1866357466132245,0.05191359312430999,-0.5979236279820266,1.2152489967437727,1.0,Stocks,CVX,2011-01-03,2026-09-21
ORIGINAL,71,0.29577464788732394,-0.22921841960640124,-0.04588632307817064,-0.7789054495994769,-0.5220191121889577,0.8836032388663968,Stocks,MRK,2011-01-03,2026-09-21
HYBRID,44,0.18181818181818182,-0.3241065541707633,-0.053307841695740765,-0.8056908950128167,-0.5772197370858367,0.5151821862348178,Stocks,MRK,2011-01-03,2026-09-21
MODEL-FLIP,66,,-0.3158194492297941,-0.06716259336260522,-0.8500210575759222,-0.664654414810469,1.0,Stocks,MRK,2011-01-03,2026-09-21
BUY & HOLD,0,,0.4248906193833217,0.09802271966762977,-0.44742781655530306,3.3472808285612636,1.0,Stocks,MRK,2011-01-03,2026-09-21
ORIGINAL,69,0.30434782608695654,0.29540942890264066,0.17141901486339695,-0.7340843535987669,11.023185395016473,0.8752845939792563,Stocks,AMD,2011-01-03,2026-09-22
HYBRID,43,0.18604651162790697,-0.18773333723874033,-0.06929410907584976,-0.8559954327117274,-0.6765596132923557,0.4566152289400455,Stocks,AMD,2011-01-03,2026-09-22
MODEL-FLIP,66,,0.37701227654193553,0.23916746435171987,-0.7779655093239566,28.094942254436464,1.0,Stocks,AMD,2011-01-03,2026-09-22
BUY & HOLD,0,,0.48098437224670576,0.3145889587613393,-0.8283898223751204,72.64462808335446,1.0,Stocks,AMD,2011-01-03,2026-09-22
ORIGINAL,68,0.23529411764705882,-0.4028169306681059,-0.06614047570082826,-0.7113916875766141,-0.6588331973262984,0.8833502024291497,Stocks,PEP,2011-01-03,2026-09-21
HYBRID,41,0.2682926829268293,-0.2823123562377778,-0.03457796860280993,-0.496324253047004,-0.4247894330922901,0.5222672064777328,Stocks,PEP,2011-01-03,2026-09-21
MODEL-FLIP,71,,-0.3973590799386086,-0.06912391141004381,-0.7207426362479813,-0.6755650641836561,1.0,Stocks,PEP,2011-01-03,2026-09-21
BUY & HOLD,0,,0.23960372434754168,0.04412122574845556,-0.3472363478493604,0.9709505146447237,1.0,Stocks,PEP,2011-01-03,2026-09-21
ORIGINAL,63,0.31746031746031744,0.06921338287288244,0.016409920282475676,-0.7079061619253089,0.29148554685232875,0.9023279352226721,Stocks,TMO,2011-01-03,2026-09-21
HYBRID,36,0.3333333333333333,0.20086690117256326,0.03950904673898492,-0.5100690232385117,0.8384877883009456,0.5182186234817814,Stocks,TMO,2011-01-03,2026-09-21
MODEL-FLIP,56,,0.42383161408033837,0.11340764469744347,-0.5403321755337833,4.409822668393894,1.0,Stocks,TMO,2011-01-03,2026-09-21
BUY & HOLD,0,,0.6169414735620514,0.1692164242179217,-0.41511297962140736,10.667729728086265,1.0,Stocks,TMO,2011-01-03,2026-09-21
ORIGINAL,70,0.32857142857142857,0.0061681410616454355,0.001900207403585652,-0.7203925143168112,0.030288769082749578,0.9056412850999241,Stocks,ADBE,2011-01-03,2026-09-22
HYBRID,38,0.2894736842105263,-0.14906460700245586,-0.03365804238980197,-0.7213927646949657,-0.41616991703523565,0.3845180875284594,Stocks,ADBE,2011-01-03,2026-09-22
MODEL-FLIP,56,,0.20019983163324045,0.06697317607335673,-0.7310340845520559,1.7702360214053243,1.0,Stocks,ADBE,2011-01-03,2026-09-22
BUY & HOLD,0,,0.3990043042094524,0.13786383666504953,-0.7190319086624579,6.614253532404691,1.0,Stocks,ADBE,2011-01-03,2026-09-22
ORIGINAL,59,0.3050847457627119,-0.11647279138853991,-0.0233754326284491,-0.5776545044730621,-0.31044766544285407,0.8891700404858299,Stocks,LIN,2011-01-03,2026-09-21
HYBRID,33,0.3333333333333333,0.18220665056647223,0.0296238727232101,-0.4538680533360301,0.5821497799245543,0.5156882591093117,Stocks,LIN,2011-01-03,2026-09-21
MODEL-FLIP,55,,0.11110761490035746,0.023928620132109613,-0.6003806129615465,0.450075994422904,1.0,Stocks,LIN,2011-01-03,2026-09-21
BUY & HOLD,0,,0.46966067524736804,0.10503453291732434,-0.3290091793679333,3.8046628243534233,1.0,Stocks,LIN,2011-01-03,2026-09-21
ORIGINAL,72,0.375,0.09941738336946225,0.025232462199455297,-0.5656146068959633,0.4794684049738154,0.9137364027321022,Stocks,CSCO,2011-01-03,2026-09-22
HYBRID,48,0.3541666666666667,0.14266015050709097,0.02721754880637195,-0.4933331705000108,0.5251413426681508,0.5765241588666835,Stocks,CSCO,2011-01-03,2026-09-22
MODEL-FLIP,75,,-0.07748330371006427,-0.020077574909742713,-0.6652950441513747,-0.2729721086495681,1.0,Stocks,CSCO,2011-01-03,2026-09-22
BUY & HOLD,0,,0.40063824049071617,0.11051660799702012,-0.42807922137329224,4.194729313342383,1.0,Stocks,CSCO,2011-01-03,2026-09-22
ORIGINAL,75,0.29333333333333333,-0.12528662179375422,-0.03118578405304473,-0.6529447490839435,-0.3921927501066096,0.9084008097165992,Stocks,ACN,2011-01-03,2026-09-21
HYBRID,49,0.2857142857142857,-0.19162221680980535,-0.036591222828457504,-0.717260606639238,-0.443353744934055,0.4832995951417004,Stocks,ACN,2011-01-03,2026-09-21
MODEL-FLIP,70,,-0.0121942079501446,-0.0032261857726931797,-0.6361182438110332,-0.04951445056964243,1.0,Stocks,ACN,2011-01-03,2026-09-21
BUY & HOLD,0,,0.3226161392695682,0.08921062612745945,-0.7004477434425445,2.8302119783063917,1.0,Stocks,ACN,2011-01-03,2026-09-21
ORIGINAL,56,0.4107142857142857,0.32995732345961054,0.06152682006678356,-0.42407277841540525,1.556130620657751,0.8904629395395902,Stocks,MCD,2011-01-03,2026-09-22
HYBRID,36,0.3888888888888889,0.09087861588085154,0.011862396891487936,-0.46359429369346394,0.20364680006643576,0.4743232987604351,Stocks,MCD,2011-01-03,2026-09-22
MODEL-FLIP,63,,0.11674074495269812,0.0222355489723558,-0.47418523408672775,0.4129354231917002,1.0,Stocks,MCD,2011-01-03,2026-09-22
BUY & HOLD,0,,0.4001117819804426,0.07825540546378762,-0.38005873892228426,2.26827690718682,1.0,Stocks,MCD,2011-01-03,2026-09-22
ORIGINAL,79,0.25316455696202533,-0.19323710673200303,-0.05070877724517009,-0.7553709982371414,-0.5586057793385202,0.8453947368421053,Stocks,WFC,2011-01-03,2026-09-21
HYBRID,38,0.18421052631578946,-0.44464909926604185,-0.07920247275060655,-0.7597022549263915,-0.7265801220805304,0.3233805668016194,Stocks,WFC,2011-01-03,2026-09-21
MODEL-FLIP,62,,-0.09659646709702456,-0.028104780136424257,-0.689856422987926,-0.36109493195152353,1.0,Stocks,WFC,2011-01-03,2026-09-21
BUY & HOLD,0,,0.2174109038656594,0.0662488361568847,-0.6793569044168674,1.7403420242114902,1.0,Stocks,WFC,2011-01-03,2026-09-21
ORIGINAL,68,0.3235294117647059,-0.09653924528005489,-0.02015677857712128,-0.6530054687349699,-0.27385471639730385,0.9051113360323887,Stocks,ABT,2011-01-03,2026-09-21
HYBRID,44,0.25,0.02787533153464345,0.0048433895865274135,-0.47551398191450733,0.07888856963047863,0.5440283400809717,Stocks,ABT,2011-01-03,2026-09-21
MODEL-FLIP,67,,0.05881627706454573,0.013225243929733344,-0.5606607393562542,0.22933802883084864,1.0,Stocks,ABT,2011-01-03,2026-09-21
BUY & HOLD,0,,0.42798920232059484,0.1002556664766201,-0.41637216428535295,3.488312395676452,1.0,Stocks,ABT,2011-01-03,2026-09-21
ORIGINAL,89,0.33707865168539325,-0.41838315744042404,-0.09630590393857463,-0.8050720471932038,-0.7963589072000281,0.8825910931174089,Stocks,IBM,2011-01-03,2026-09-21
HYBRID,62,0.4032258064516129,-0.04426475155169784,-0.008615506326647093,-0.3687921192159035,-0.12714128268952896,0.6161437246963563,Stocks,IBM,2011-01-03,2026-09-21
MODEL-FLIP,86,,-0.2601082067286447,-0.06493060172775467,-0.7262947039105865,-0.6518203947660026,1.0,Stocks,IBM,2011-01-03,2026-09-21
BUY & HOLD,0,,0.12268804651226094,0.032177748643026804,-0.5608433754543771,0.6449604986905058,1.0,Stocks,IBM,2011-01-03,2026-09-21
ORIGINAL,81,0.32098765432098764,0.2516276698527272,0.07799366577257127,-0.52516503191644,2.255159840560628,0.8739878542510121,Stocks,GE,2011-01-03,2026-09-21
HYBRID,42,0.2857142857142857,0.01833637853310684,0.003924402842010899,-0.5702535398105197,0.06348614261824514,0.3507085020242915,Stocks,GE,2011-01-03,2026-09-21
MODEL-FLIP,67,,0.3640382911436383,0.1226435359119602,-0.5637152966639198,5.159768420597493,1.0,Stocks,GE,2011-01-03,2026-09-21
BUY & HOLD,0,,0.2587040504792568,0.08571306715526905,-0.8266140272220778,2.641427397235937,1.0,Stocks,GE,2011-01-03,2026-09-21
ORIGINAL,66,0.3939393939393939,0.4042187370450229,0.10525287537330841,-0.4713531657847436,3.8196037810443624,0.8876518218623481,Stocks,DIS,2011-01-03,2026-09-21
HYBRID,45,0.37777777777777777,0.31932678678647497,0.0633099878914456,-0.5143999541111466,1.624020652172372,0.534665991902834,Stocks,DIS,2011-01-03,2026-09-21
MODEL-FLIP,64,,0.345508247211151,0.09602310958821181,-0.6489320983997038,3.2245188920793773,1.0,Stocks,DIS,2011-01-03,2026-09-21
BUY & HOLD,0,,0.24307102246023535,0.06663423031608762,-0.6071517098896992,1.7559493442089535,1.0,Stocks,DIS,2011-01-03,2026-09-21
ORIGINAL,73,0.3698630136986301,0.0375945880616106,0.012586642843334106,-0.5682779726891849,0.21725967967645277,0.8606121932709335,Stocks,QCOM,2011-01-03,2026-09-22
HYBRID,43,0.4418604651162791,0.46264589939587974,0.14263013724553408,-0.6111847534525887,7.131327844727677,0.5874019731849228,Stocks,QCOM,2011-01-03,2026-09-22
MODEL-FLIP,62,,0.2725232560649162,0.10134777339844492,-0.6069146830751313,3.5600436979252486,1.0,Stocks,QCOM,2011-01-03,2026-09-22
BUY & HOLD,0,,0.2467854496821499,0.09135117073007226,-0.4735294131396689,2.9511758283510914,1.0,Stocks,QCOM,2011-01-03,2026-09-22
ORIGINAL,50,0.4,0.17832946284206802,0.048959230653593755,-0.5299262638793485,1.1194687183806211,0.895242914979757,Stocks,TXN,2011-01-03,2026-09-21
HYBRID,36,0.4722222222222222,0.4515438271559818,0.12085384358487694,-0.42424098738642346,5.007245253447829,0.7831477732793523,Stocks,TXN,2011-01-03,2026-09-21
MODEL-FLIP,55,,0.2764164188390679,0.08386023220128558,-0.4486383579469817,2.5449845079078055,1.0,Stocks,TXN,2011-01-03,2026-09-21
BUY & HOLD,0,,0.46176150432508667,0.14393874237913207,-0.3390076487894754,7.2758936420895495,1.0,Stocks,TXN,2011-01-03,2026-09-21
ORIGINAL,56,0.35714285714285715,0.1042038482771366,0.03070126789228045,-0.5784324475744886,0.6083685574224762,0.9038461538461539,Stocks,INTU,2011-01-03,2026-09-21
HYBRID,39,0.3076923076923077,-0.17978464360075838,-0.039507628324232824,-0.7568753575442778,-0.46925325464567647,0.43724696356275305,Stocks,INTU,2011-01-03,2026-09-21
MODEL-FLIP,66,,-0.09135432205455929,-0.027996894075241086,-0.6962973338596686,-0.35997946005391845,1.0,Stocks,INTU,2011-01-03,2026-09-21
BUY & HOLD,0,,0.3704680115695649,0.12198407871575112,-0.684080800237189,5.103150390166274,1.0,Stocks,INTU,2011-01-03,2026-09-21
ORIGINAL,67,0.3283582089552239,-0.25491618637352664,-0.058049949897073794,-0.7978904416341721,-0.6093019993075024,0.8633603238866396,Stocks,AMGN,2011-01-03,2026-09-21
HYBRID,46,0.391304347826087,0.09296308334031511,0.0187050296655511,-0.47815144970251466,0.3380844357462922,0.6373987854251012,Stocks,AMGN,2011-01-03,2026-09-21
MODEL-FLIP,69,,0.04704878033385005,0.011709858731372202,-0.6487242662689141,0.20075966300250214,1.0,Stocks,AMGN,2011-01-03,2026-09-21
BUY & HOLD,0,,0.503538428878159,0.13260961257240256,-0.26717742214933793,6.077587921906039,1.0,Stocks,AMGN,2011-01-03,2026-09-21
ORIGINAL,76,0.3026315789473684,0.2851068604492154,0.08347887228705364,-0.6357488240228945,2.5254332899556924,0.8881578947368421,Stocks,CAT,2011-01-03,2026-09-21
HYBRID,48,0.3125,0.5313960563246128,0.1409061552488753,-0.5100797913739143,6.937753883996866,0.6700404858299596,Stocks,CAT,2011-01-03,2026-09-21
MODEL-FLIP,75,,0.30253134065355575,0.0941712372067458,-0.5924299371487546,3.1137291821978366,1.0,Stocks,CAT,2011-01-03,2026-09-21
BUY & HOLD,0,,0.46206040252702224,0.14734978890098382,-0.5016351001006794,7.67233124553449,1.0,Stocks,CAT,2011-01-03,2026-09-21
ORIGINAL,80,0.2375,-0.4106394293018462,-0.08228425672792838,-0.8129427665815294,-0.740612374565164,0.8896761133603239,Stocks,PM,2011-01-03,2026-09-21
HYBRID,48,0.25,-0.17350129478352974,-0.02814275945725342,-0.6164706897062386,-0.36148718008495917,0.52834008097166,Stocks,PM,2011-01-03,2026-09-21
MODEL-FLIP,80,,-0.15243592526127767,-0.03384363193033613,-0.6513864726417258,-0.4178749660458264,1.0,Stocks,PM,2011-01-03,2026-09-21
BUY & HOLD,0,,0.32718084962701244,0.07672555491148647,-0.5119609536407823,2.1955002825749927,1.0,Stocks,PM,2011-01-03,2026-09-21
ORIGINAL,85,0.23529411764705882,-0.7197959475756178,-0.11807950199973427,-0.8622571022089337,-0.8612414308654737,0.8208955223880597,Stocks,VZ,2011-01-03,2026-09-22
HYBRID,51,0.23529411764705882,-0.5887005953046391,-0.07767190046539418,-0.7218807229738575,-0.7194118679392837,0.4588919807740956,Stocks,VZ,2011-01-03,2026-09-22
MODEL-FLIP,80,,-0.5674399106628126,-0.10441738693797142,-0.8626746215398617,-0.8233162546352623,1.0,Stocks,VZ,2011-01-03,2026-09-22
BUY & HOLD,0,,0.07951789106074215,0.015579061883739476,-0.5058804538893626,0.27504804759334833,1.0,Stocks,VZ,2011-01-03,2026-09-22
ORIGINAL,51,0.3333333333333333,0.1511060729054019,0.06058416402541922,-0.8234021811304675,1.3096265416720705,0.9105395582890691,Stocks,NOW,2012-06-29,2026-09-22
HYBRID,30,0.3333333333333333,0.341368084435759,0.1183959097883891,-0.648356265794685,3.9156447401513024,0.6508247134470226,Stocks,NOW,2012-06-29,2026-09-22
MODEL-FLIP,48,,0.42687400293606736,0.19659050715947535,-0.5210192630461817,11.860869236616473,1.0,Stocks,NOW,2012-06-29,2026-09-22
BUY & HOLD,0,,0.556155097064239,0.2633370266012891,-0.6454173439572124,26.84552802348676,1.0,Stocks,NOW,2012-06-29,2026-09-22
ORIGINAL,69,0.42028985507246375,0.28034938552369915,0.08020208008147733,-0.5435833568190205,2.361553669113501,0.8977732793522267,Stocks,GS,2011-01-03,2026-09-21
HYBRID,41,0.3902439024390244,0.3768336707710319,0.08029308499372179,-0.40956792510415874,2.3660070595057157,0.47393724696356276,Stocks,GS,2011-01-03,2026-09-21
MODEL-FLIP,63,,0.27644544033768564,0.08320093202532619,-0.7713526753425999,2.5112477564199596,1.0,Stocks,GS,2011-01-03,2026-09-21
BUY & HOLD,0,,0.37701600644035854,0.11514484949360959,-0.5062916131025763,4.544004609820736,1.0,Stocks,GS,2011-01-03,2026-09-21
