asset,alpha,t,alpha_bh,t_bh,group
A,-9.417981782457615e-05,-0.6608508257173925,-7.224873411663564e-05,-0.5076484747431075,Stocks all (1D)
AABA,-0.0003065881278754894,-1.2581786837573836,-0.000342605157771307,-1.36786008290314,Stocks all (1D)
AAL,-0.00018555526980358345,-0.6996973141526956,-0.00013299211655371028,-0.5142044372098846,Stocks all (1D)
AAP,0.00035033313990317605,1.5302611407611901,0.0003576590054004143,1.5183045717385981,Stocks all (1D)
AAPL,1.9822431087081018e-05,0.13525873913889622,-0.00012107240308781201,-0.7822072911466882,Stocks all (1D)
ABBV,0.00014484617244167852,1.1588063658558811,0.00013161620314068852,1.040721138097463,Stocks all (1D)
ABMD,0.0009409069561871608,2.73224727804002,0.0009400280428104635,2.720406906364956,Stocks all (1D)
ABT,-3.88924415200192e-05,-0.34461937589219094,-4.7200597030305235e-05,-0.39657453347546656,Stocks all (1D)
ABX,0.00034429353171357445,1.7605543157871126,0.00022389313697711942,1.1553950127367993,Stocks all (1D)
ACAS-201701,-0.0005119921399424998,-2.24751412993158,-0.0004791101846342991,-1.9642298909956402,Stocks all (1D)
ACGL,-7.810345692274455e-05,-0.6996795489826984,-4.1723448692773325e-05,-0.30059438580863707,Stocks all (1D)
ACN,-6.088755986707143e-05,-0.4326830803467067,-4.474032357428187e-05,-0.2865941625872489,Stocks all (1D)
ADBE,-0.00010460737647452805,-0.6263048179361529,-5.469863471822177e-05,-0.31089863143628854,Stocks all (1D)
ADI,-0.00018214282222003145,-1.1124094664182769,-9.859335653598641e-05,-0.6707605289444245,Stocks all (1D)
ADM,2.0961105765145887e-05,0.14108360536212078,5.7070892933375985e-06,0.0374710495930789,Stocks all (1D)
ADP,-0.00020146562350455822,-1.886054712353966,-0.00016399056772319558,-1.4126933707458282,Stocks all (1D)
ADSK,-4.442340241798222e-05,-0.2471890761483396,-2.4527693571709255e-05,-0.13414279529473402,Stocks all (1D)
AEE,-1.6059751649236972e-05,-0.16974032080268622,-2.0849640045652447e-05,-0.20865983448462264,Stocks all (1D)
AEP,3.848404828047802e-05,0.35135913800309576,2.879164546345955e-05,0.26233868831715607,Stocks all (1D)
AES,-5.9855116639267704e-05,-0.3600523465690708,-6.76508596705483e-06,-0.041490348385462304,Stocks all (1D)
AET-201811,8.404346272303652e-05,0.4819456511476364,4.757178596160906e-05,0.24963502568729495,Stocks all (1D)
AFL,-0.00022954207260442633,-2.01439003115381,-0.00018266154456132323,-1.2610014646191827,Stocks all (1D)
AGG,-3.7801917401155564e-05,-2.6894041369538493,-3.612725943101686e-05,-2.626361276041527,Stocks all (1D)
AGN,-0.00019577677312966434,-1.0786299286580703,-0.00020908549296239226,-1.0273759061173835,Stocks all (1D)
AIG,-0.00023877519181409978,-1.4981107257602253,-0.00022965674295273938,-1.2190819355048208,Stocks all (1D)
AIV,-5.75078052404509e-05,-0.34926445842056747,1.2003130547148246e-05,0.07660751011516553,Stocks all (1D)
AIZ,-0.00021808911117087007,-1.3126644288671447,-0.0001970935389289011,-1.1415593601446115,Stocks all (1D)
AJG,0.00010931801018428556,0.7781849598470526,0.00010241935383007426,0.6824483709805,Stocks all (1D)
AKAM,-0.00019711986847119664,-1.0844894917137915,-0.0001445365705649773,-0.8025026776181493,Stocks all (1D)
AKS,-0.00024709247239593766,-0.5848158856168219,-0.00021566867639102397,-0.5007236431459205,Stocks all (1D)
ALB,-9.544977211358334e-05,-0.5412583109106105,-9.845937540040641e-05,-0.5426303247395113,Stocks all (1D)
ALGN,-4.272626985478857e-05,-0.22613262765952205,-0.00013964262931240635,-0.607213496390771,Stocks all (1D)
ALK,-0.00025042644362958233,-1.204715093028027,-0.0002477831756749486,-1.1245275392911582,Stocks all (1D)
ALL,-0.00021963339986613484,-1.745974012999482,-0.00019953936883655203,-1.4530067478452362,Stocks all (1D)
ALLE,6.476911561057434e-05,0.6841533909010753,-7.787682664933145e-05,-0.6799766219678385,Stocks all (1D)
ALXN,-0.00011023503231675382,-0.45442361243381924,-6.646013215527062e-05,-0.2863196779028002,Stocks all (1D)
AMAT,-0.00018316987012720863,-1.0385460456460966,-0.0002473769105016389,-1.2150831360427723,Stocks all (1D)
AMCC-201701,-0.0003380564884235208,-1.183406173594915,-0.00032318689826269973,-1.124743139321556,Stocks all (1D)
AMD,5.369713546850447e-05,0.17176276584258623,0.00015332308414433882,0.4445315373847692,Stocks all (1D)
AME,-0.0001918478113145763,-1.768307393842803,-0.00014443151739844496,-1.2355365057764458,Stocks all (1D)
AMG,-0.0002774660929934779,-1.7463494837159408,-0.00027687188077215496,-1.6095936710868382,Stocks all (1D)
AMGN,2.068778034994543e-05,0.15266371754035418,3.503212505103675e-05,0.28397452135496015,Stocks all (1D)
AMP,-0.00022742223982189603,-1.3977411921833973,-0.00027546829713728484,-1.5208359887562892,Stocks all (1D)
AMT,-0.00015977024608654244,-1.2051620201520772,-8.41219615329072e-05,-0.687614765152869,Stocks all (1D)
AMZN,-0.00017751815832050622,-1.0697721783420955,-0.0001694143752135026,-1.0411374470609187,Stocks all (1D)
AN,-0.0002926551104927719,-1.6043322991678934,-0.00018142013468199793,-0.9387809811599472,Stocks all (1D)
ANDV-201809,-5.728904315600966e-05,-0.1607446653553563,6.001446612232899e-06,0.016319312455272943,Stocks all (1D)
ANET,0.00018531918329025212,0.9167634569966879,0.00016768780715738742,0.8764360266456471,Stocks all (1D)
ANF,-0.0002310946204726154,-0.892635409570465,-0.0002504875485335465,-0.9417835053148237,Stocks all (1D)
ANRZQ-201607,-0.001649972036787361,-1.7173332776761958,-0.001059123660853444,-1.133409612683672,Stocks all (1D)
ANSS,-0.00017205587250319746,-1.2495955376502816,-0.00012308973323264731,-0.8766562831411738,Stocks all (1D)
AON,-0.00014856163937427644,-1.3871713875703249,-8.557527465490847e-05,-0.7177056497710163,Stocks all (1D)
AOS,-0.00020956654422071461,-1.5249633016603972,-0.00019782126871802536,-1.358743285990136,Stocks all (1D)
APA,-0.00027839442763955935,-1.1322185175995845,-0.00024911970473053745,-0.8967873699498538,Stocks all (1D)
APD,-8.684468391418441e-05,-0.758099832729017,-4.652951153284044e-05,-0.39687466876810823,Stocks all (1D)
APH,-0.00014402848628893638,-1.1416178218385329,-0.00012710282359667166,-0.8747623167744394,Stocks all (1D)
APO,-4.4068419994207095e-05,-0.2579407709915635,-1.7886287911761473e-05,-0.1000140948425615,Stocks all (1D)
APTV,-8.34360785137066e-05,-0.4334043494159007,-6.769372028484891e-05,-0.3406847786885339,Stocks all (1D)
ARE,-7.552794671626983e-05,-0.4810824324613435,-2.2299610963233718e-05,-0.14075204125879265,Stocks all (1D)
ARES,5.166367670098462e-05,0.2687373670429782,3.7467414903014887e-06,0.019077374126238358,Stocks all (1D)
ARG-201605,3.575656320321566e-05,0.2429817928809242,8.217550526903827e-05,0.5378314352479816,Stocks all (1D)
ARTY,-1.3003048733801006e-05,-0.06106006768326204,-2.141403031194102e-05,-0.0880521135273005,Stocks all (1D)
ASH,-0.0004103079574660115,-2.578766646457053,-0.0003272324875673951,-1.961418019555937,Stocks all (1D)
ATI,-4.378437799957977e-05,-0.18878691832344868,-5.758228944038719e-05,-0.2365836961141277,Stocks all (1D)
ATO,-0.00013088587764076696,-1.2311204453971079,-9.36579394246349e-05,-0.8485814047337068,Stocks all (1D)
ATVI,0.0002767964766940741,1.4918460955049462,0.00030502035013271056,1.7235155301043363,Stocks all (1D)
AVGO,-0.00031798529641176526,-1.2980472271497554,-0.0002609150911691572,-1.1356682503483801,Stocks all (1D)
AVP,7.067048271026266e-05,0.24791280712683347,5.837870693188596e-05,0.2018863979164914,Stocks all (1D)
AVY,-0.00024775598204945033,-1.632630163810066,-0.0002250978799065679,-1.550394772975127,Stocks all (1D)
AWK,0.00013858642262124424,1.1407017953286693,0.00012181024625419012,1.141134817255293,Stocks all (1D)
AXON,-0.00011639142912929703,-0.5170675281899738,-0.0001211110115138429,-0.5414791668244613,Stocks all (1D)
AXP,-0.00042923951195287646,-2.9067298378497632,-0.00040779116835748606,-2.5592773903618924,Stocks all (1D)
AYI,-0.00011566089866793369,-0.7112722223340827,-0.00010550052271552295,-0.6452502030262535,Stocks all (1D)
AZO,0.00023001716509471872,1.756058277438952,0.00022998084108416273,1.6794068167525666,Stocks all (1D)
BA,-0.00025880634306006656,-1.4700882581701442,-0.00022929457954519285,-1.1545187132041843,Stocks all (1D)
BAC,-0.00036677495323729487,-2.175762075100569,-0.0004602785398754099,-2.3326974680327557,Stocks all (1D)
BALL,-9.340815549332839e-05,-0.7609538504547319,-7.864978671529999e-05,-0.668809536790056,Stocks all (1D)
BAX,3.309803187308182e-05,0.25391450180204905,1.60919729263004e-05,0.12244249442234947,Stocks all (1D)
BBT,-0.00039063515963863566,-2.525036541140487,-0.00037849616635696545,-2.1337520668773955,Stocks all (1D)
BBWI,-0.00013506480840703343,-0.6223499088280627,-0.0001695162128292978,-0.7541258071863768,Stocks all (1D)
BBY,7.736897901500208e-05,0.38792551777659245,6.882635951134171e-05,0.3332450107982152,Stocks all (1D)
BC,-0.0005658431044641731,-2.6953809777048736,-0.0004501886669995079,-2.058713621359733,Stocks all (1D)
BCO,-0.0005125922025849126,-3.110019271261639,-0.0004899172272705005,-2.539892161235687,Stocks all (1D)
BCR-201712,2.882523562120474e-06,0.012604619033208834,-7.786748281001841e-07,-0.0033308760322552497,Stocks all (1D)
BDX,-2.9492344296088094e-05,-0.3053831365547586,-3.888605315885018e-06,-0.0417059280996273,Stocks all (1D)
BEN,-0.00037677080788736547,-2.712245683895622,-0.000332129685607867,-2.2290634143160664,Stocks all (1D)
BF-B,7.683475253227944e-05,0.6474852199331642,0.00010100618434366654,0.773636082838362,Stocks all (1D)
BG,-0.00026862844244276307,-1.9217957367834222,-0.00023787074829111676,-1.617451339363656,Stocks all (1D)
BGG,-0.0002330901300160081,-0.7104048905563514,-0.00011873091369910175,-0.4122077723623728,Stocks all (1D)
BHF,0.00010654597207328172,0.46289641028777995,-0.00022883850590363686,-0.8741177618062751,Stocks all (1D)
BIIB,5.684343607557652e-05,0.35446325495528,0.00012878311654557155,0.7830946612367831,Stocks all (1D)
BIO,-0.00012061222784725584,-0.8478935684451158,-0.00010325253214697624,-0.7091722722031218,Stocks all (1D)
BKNG,-0.00028952507098993344,-1.6629708509662537,-0.0001598386399590025,-0.8649178020354314,Stocks all (1D)
BKR,-0.0003876004582204431,-2.2420336556149993,-0.00037317087056998533,-1.952763445083905,Stocks all (1D)
BLDR,-0.0001930864270364605,-0.8078306081498619,-0.00019650939093525038,-0.8155051486494468,Stocks all (1D)
BLK,-0.0001839786478225023,-1.469961503819963,-0.0002018832011626641,-1.537136621438823,Stocks all (1D)
BMS,-0.00012952776633411592,-0.9199242489899978,-7.788346883810595e-06,-0.059378314944338595,Stocks all (1D)
BMY,6.547222452990243e-05,0.4946288504025052,6.231649871466175e-05,0.4579789887691467,Stocks all (1D)
BNY,-0.00030350493312901504,-2.3858490990791954,-0.0003093716579520185,-2.088411166289009,Stocks all (1D)
BR,7.920263558398347e-05,0.7132382569673268,2.5712481982850292e-05,0.22233169658372817,Stocks all (1D)
BRK-B,-9.426087964475101e-05,-1.0592994932680697,-9.226950291013788e-05,-0.924864427541523,Stocks all (1D)
BRO,0.00021188087983837526,1.6370853488394141,0.00020333888296214793,1.5822943618705958,Stocks all (1D)
BSX,0.00016588659567121455,1.0568960462746053,0.00019650576236614572,1.2623608581904409,Stocks all (1D)
BVSN,0.00010819842069456468,0.1934834952624869,0.00036041203733836927,0.7443426519350606,Stocks all (1D)
BWA,-0.00010330305183952838,-0.6113500120459046,-7.261302035142384e-05,-0.4443717369709498,Stocks all (1D)
BX,-0.0001398994081329881,-0.8807875273949445,-0.0001709917062293038,-1.060960216059136,Stocks all (1D)
BXP,-0.000215268610241002,-1.4628777447103194,-0.00020883752129359097,-1.3789167813849261,Stocks all (1D)
C,-0.00036963042453679544,-1.9289568586600598,-0.0004172061824970534,-1.9411677376451837,Stocks all (1D)
CAG,-1.8353312120887667e-06,-0.01365093928623529,2.8107262701112762e-05,0.21879962958040294,Stocks all (1D)
CAH,-0.00011777718055663787,-0.8830562567394642,-7.298332371196941e-05,-0.5750919447282169,Stocks all (1D)
CAL,-0.0006282621918583245,-2.3071392655532437,-0.00041904619242481107,-1.4367261812534462,Stocks all (1D)
CAR,-0.0003882020467458877,-1.1663050303479645,-0.000520641493502094,-1.4141957754347125,Stocks all (1D)
CARR,-0.0003928699447100892,-1.412791295826265,-0.00038155128578720834,-1.3470264025170673,Stocks all (1D)
CASY,0.00012380810007218005,0.8221820723188171,0.00019554624487087523,1.4066424412928664,Stocks all (1D)
CAT,-6.26807179602515e-05,-0.40131600660048594,-8.8546855222474e-05,-0.5382436398946743,Stocks all (1D)
CB,-0.00021682071334700977,-2.0792182405585575,-0.0001437141023721604,-1.2753734627022464,Stocks all (1D)
CBOE,-5.068516841088689e-05,-0.3751309565229778,-3.518715800296996e-05,-0.26214732029243143,Stocks all (1D)
CBRE,-0.00016556946592701313,-0.9279171928189783,-0.00020367999637046984,-1.0694027176288525,Stocks all (1D)
CCEP,-0.00029509140947270144,-1.945757283411124,-0.0002312185600372785,-1.5071426621978046,Stocks all (1D)
CCI,-4.401890750851805e-06,-0.0379910137382849,1.4789761233190885e-05,0.1316013501999934,Stocks all (1D)
CCK,-0.00017075105626283298,-1.4372198231447122,-9.220625921983305e-05,-0.691525910231519,Stocks all (1D)
CCL,-0.0006040574146571382,-2.600038390573823,-0.00046044767220225784,-1.8600170162875835,Stocks all (1D)
CDNS,1.690270654106272e-05,0.10941796332997128,5.518959557284251e-05,0.35293111477420747,Stocks all (1D)
CDW,4.9022065231405875e-05,0.36712656434804586,-1.8955129421021504e-05,-0.11621253193219763,Stocks all (1D)
CE,-0.00013970592507617664,-0.7862857988655001,-0.00024857299478151456,-1.3342648465296874,Stocks all (1D)
CELG,-0.0001136007789495322,-0.5619344477205253,-0.00014175022826808266,-0.6213747640707672,Stocks all (1D)
CERN,4.854241204694088e-05,0.2861880677879499,6.117851320151112e-05,0.35385323812933206,Stocks all (1D)
CF,1.4059622050585086e-05,0.07326755637826464,1.5177146878446775e-05,0.08027489804921921,Stocks all (1D)
CFG,-0.0003234140433900393,-1.7194591615262966,-0.0002580032122160804,-1.3340002740678265,Stocks all (1D)
CHD,5.444301922674353e-06,0.04947930016874279,2.3589935494820654e-05,0.22703769105830424,Stocks all (1D)
CHK,0.00028465729656053043,0.48532192769939947,1.839605904021261e-05,0.03276050357638488,Stocks all (1D)
CHRW,-8.86947621154679e-08,-0.0008331135267122629,1.7699811372251176e-05,0.17084395111203543,Stocks all (1D)
CHTR,-0.00012841695730388266,-0.863791212395801,1.0536054163804034e-05,0.05695485101216229,Stocks all (1D)
CI,-3.2459177524403e-05,-0.23422840259087274,-9.661845660381172e-05,-0.6255105532216377,Stocks all (1D)
CIEN,-0.00025278715615089845,-1.182995775969526,-0.00018714089400489355,-0.8567586038688361,Stocks all (1D)
CINF,-0.00025286678509362247,-2.2778909550254602,-0.00024561906588548607,-1.8253072551202114,Stocks all (1D)
CL,-0.00015925186717470258,-1.819297573129424,-9.066235314475875e-05,-1.0721170350188107,Stocks all (1D)
CLF,-0.00013248560081730517,-0.4205035399879333,-0.0001066046843293503,-0.32446452818621657,Stocks all (1D)
CLX,-5.266448149983072e-06,-0.041390146508336695,2.2378685395149627e-05,0.1832845153444276,Stocks all (1D)
CMA,-0.00023944167083605631,-1.5160011660094719,-0.00034162259301004415,-1.8865297851381466,Stocks all (1D)
CMCSA,-0.00036010548003954945,-2.9756844267908016,-0.0003495508958365321,-2.5845934946154228,Stocks all (1D)
CMCSK-201512,-0.0006386678078080191,-2.9786575374589526,-0.0005055891629907772,-2.1045349607763755,Stocks all (1D)
CME,-0.00021840438540604465,-1.555193487682619,-0.00019453280562489855,-1.5378712040382112,Stocks all (1D)
CMG,0.00010428289392446162,0.6396123489076935,0.0001196301363329214,0.6758723058084326,Stocks all (1D)
CMI,-8.632665965225556e-05,-0.6894832283416034,-0.00012573284443477025,-0.953362731638405,Stocks all (1D)
CMS,3.054253672651419e-05,0.31145142093699735,4.5072950843721614e-05,0.43729213975142983,Stocks all (1D)
CNC,0.0002137302306767639,1.4340393605407118,0.000152873921399974,0.9791379184456834,Stocks all (1D)
CNP,-0.00024221247397183257,-2.2455235664409607,-0.00021162521837513724,-1.623790987171042,Stocks all (1D)
CNW-201510,0.00011083915900252098,0.36194206057039335,0.0003627516426598354,0.9493396206086332,Stocks all (1D)
CNX,5.3958856315533185e-05,0.2510275882639292,0.000106180184912217,0.5019995881122307,Stocks all (1D)
COF,-0.0005393268583777698,-3.287603313313877,-0.0005111907073152532,-2.573648033080276,Stocks all (1D)
COHR,-5.618372748253717e-05,-0.23975571268662826,-6.0662432030757235e-05,-0.25536158776499396,Stocks all (1D)
COL-201811,2.2161329926260445e-05,0.16347122315744808,3.710072094963442e-05,0.2759046442167653,Stocks all (1D)
COO,-7.393994026658497e-05,-0.5401163687452336,-7.793233526028462e-05,-0.5424574602351991,Stocks all (1D)
COP,-0.0002711798217792152,-1.8787974437600237,-0.00025108879550145204,-1.5654511269768976,Stocks all (1D)
COR,-4.012120428021174e-05,-0.29123629240818416,-3.8669349176844155e-05,-0.29138129347396474,Stocks all (1D)
COST,5.974296865993184e-05,0.4132466894250687,6.636418836913542e-05,0.47342794377121916,Stocks all (1D)
COTY,-4.214641424323913e-05,-0.1435748474416432,1.3033214466959534e-05,0.044435980440494224,Stocks all (1D)
COV-201501,-4.1337372352203474e-05,-0.26870746672682644,-0.0001727261323309608,-1.1710896164523945,Stocks all (1D)
CPAY,0.00013355020396465655,1.1574951687825892,9.935145440822184e-05,0.8046862872467652,Stocks all (1D)
CPB,0.00011348360801851131,0.9773907159035814,0.00014565231884837324,1.3188999668779955,Stocks all (1D)
CPRI,-0.000513053288298161,-1.990622631438979,-0.0005271761246847036,-1.9349542656384222,Stocks all (1D)
CPRT,7.189870583922e-05,0.5055728107646552,6.654376352827076e-05,0.41101681487142805,Stocks all (1D)
CPT,-0.00020236552470609813,-1.2960353025962084,-0.00012350623879966917,-0.8196461697525373,Stocks all (1D)
CRL,-8.768838523011467e-05,-0.5358880827161966,-9.292329019831476e-05,-0.5564913497088576,Stocks all (1D)
CRM,-0.0001045473225731298,-0.6368244186305406,-0.00010643685332492522,-0.6458164807201545,Stocks all (1D)
CRWD,-0.0004063777796442762,-0.9604857819557987,-0.00029592850113028364,-0.6471135612964027,Stocks all (1D)
CSCO,-0.00010058988185309013,-0.732062494388574,-7.506419984784424e-05,-0.5043453975560062,Stocks all (1D)
CSGP,3.9380514948881936e-05,0.2736414325257115,5.0742477817624805e-05,0.3305035508550896,Stocks all (1D)
CSX,-0.00024405182936409667,-1.8848657436434946,-0.00017655422085961076,-1.3656267689912658,Stocks all (1D)
CTAS,-0.00013783608916015106,-1.0833828535132999,-0.00014900240457649142,-0.9366325069132331,Stocks all (1D)
CTB,-0.00020969980879511496,-0.7860943460415994,-0.00019652714534523828,-0.6892475346317815,Stocks all (1D)
CTLT,-0.00019438159537686156,-0.8717783788560557,-0.00018575803618296332,-0.8016578657418915,Stocks all (1D)
CTRA,-0.00011008596792849246,-0.6557439179202365,-9.675625220423683e-05,-0.5878932568972336,Stocks all (1D)
CTSH,-0.00010191376415568286,-0.6372533066745655,-0.00010837085752195192,-0.6795683290478303,Stocks all (1D)
CTVA,0.00010788789287229783,0.5063596197258097,2.115884452474337e-05,0.09704098100789747,Stocks all (1D)
CTXS,0.000319379729069514,1.409300256063868,0.0002967729793825391,1.422351109593845,Stocks all (1D)
CVG,-5.710618573814025e-05,-0.3414716958675276,-1.4529762083787426e-05,-0.08330726036273484,Stocks all (1D)
CVNA,-0.0004365472610856399,-0.7906285633080846,-0.0005863394320138851,-1.0256002617621238,Stocks all (1D)
CVS,9.915490802064176e-05,0.6978208204458298,0.0001343177904222609,0.8893655039101525,Stocks all (1D)
CVX,-0.0002497941778092226,-1.9220437723942059,-0.0001745605678075057,-1.2287615142207602,Stocks all (1D)
CXO,-0.00029451719940020907,-1.4446615895851154,-0.0003096897868129118,-1.4154229258791575,Stocks all (1D)
CZR,5.933528968321962e-05,0.17179455980671565,1.0279309370662092e-05,0.02578287150208802,Stocks all (1D)
D,-9.969495216379908e-05,-0.8705777919877612,-4.190182436934308e-05,-0.37131393845765076,Stocks all (1D)
DAL,-4.464362209301442e-05,-0.2547690790565044,-1.8193523256784537e-05,-0.10058838430531665,Stocks all (1D)
DAY,0.00015157179260739148,0.5471675158520972,0.0001198672482008691,0.40743124305944517,Stocks all (1D)
DD,-0.0001229485492182699,-0.7014256888347706,-0.00010534306823284487,-0.6275702252442603,Stocks all (1D)
DDOG,-0.0002726229608277246,-0.5820015285575566,-0.00026648436133143563,-0.561091922481197,Stocks all (1D)
DDR,0.00018291692225341836,0.8105059827191321,0.00013604762002403155,0.5735596737251055,Stocks all (1D)
DDS,-0.0002678332630936306,-0.9586094647112641,-0.0002993408139656788,-0.9880280409513763,Stocks all (1D)
DE,-0.0001743880742533306,-1.1789368113141245,-0.0001478175577535697,-0.9830106751527641,Stocks all (1D)
DECK,-0.0001931832354715381,-0.9369458230520791,-0.0001699632275919782,-0.8152379645522099,Stocks all (1D)
DELL,1.7783775560613803e-05,0.06629034057623172,2.522623088571879e-05,0.0859300947303664,Stocks all (1D)
DFS,-0.0002851867661509491,-1.310549781806872,-0.0002827635128388041,-1.1776010377824155,Stocks all (1D)
DG,-3.495143097585147e-05,-0.2125435026269702,8.072738457376765e-07,0.004677998208853523,Stocks all (1D)
DGX,-4.8260258104256916e-05,-0.4435123991736884,-3.321303811348568e-05,-0.3005372656144841,Stocks all (1D)
DHI,1.221547845810553e-05,0.05809147066071076,4.6042735334052665e-05,0.22123570721713529,Stocks all (1D)
DHR,-0.00013483601984167197,-1.0559511515442859,-7.055858014215827e-05,-0.5668594980939701,Stocks all (1D)
DIA,-0.00021479479398329833,-2.7869808095288247,-0.00022974779363147974,-2.5496440651642405,Stocks all (1D)
DIS,-0.00018653078174410962,-1.3416328267240485,-0.0002570258644762067,-1.6981514418715011,Stocks all (1D)
DISCK,-9.757798062399649e-05,-0.47642351440597747,-0.00012027888519495954,-0.5806697015493212,Stocks all (1D)
DISH,-0.00038480138226698027,-1.8642618248225202,-0.0004009758656287961,-1.8833390119644124,Stocks all (1D)
DLR,-0.00014527808330590898,-1.3004903331073336,-0.00012668037952490418,-1.1335344632977449,Stocks all (1D)
DLTR,0.00011347471239512815,0.6630644147756314,6.066089250263056e-05,0.35051236014170284,Stocks all (1D)
DLX,-0.0003579560079944571,-1.9927014360827076,-0.0004021328230052677,-1.9281151484006762,Stocks all (1D)
DNR,0.00019242049967847563,0.41049003379914495,4.964527933569483e-05,0.10196985874213646,Stocks all (1D)
DOC,-1.031763310397312e-06,-0.00550552215724752,2.5070695439170225e-05,0.14191922565699266,Stocks all (1D)
DOV,-0.0002657574881288863,-1.863295361654438,-0.00029481234475381424,-1.8943402453501994,Stocks all (1D)
DOW,0.00013352731840534415,0.651554134910652,-0.0002122560622090882,-0.7718599442076856,Stocks all (1D)
DPZ,2.0894924429534078e-05,0.16254753875763678,3.2792660882624315e-05,0.25059845187111185,Stocks all (1D)
DRE,-6.430023346997086e-05,-0.3843524982099393,2.1216516333155646e-05,0.10717350003015408,Stocks all (1D)
DRI,-0.0002325457995820295,-1.3211065434602614,-0.0001482194203112246,-0.7452001718704916,Stocks all (1D)
DSI,-0.00020406907696371145,-2.0265018441811344,-0.0001866396027245728,-1.7887633482633416,Stocks all (1D)
DTE,-3.0912939877472764e-05,-0.3073998158931805,4.765259402705125e-06,0.04228705390077651,Stocks all (1D)
DUK,2.554927434157316e-06,0.02388560441995672,3.4169775347153625e-05,0.32320728517731406,Stocks all (1D)
DVA,-0.00032356256364898843,-1.8773339203479287,-0.00031159153164118226,-1.8164310933354721,Stocks all (1D)
DVN,-0.0001277940329511394,-0.6965458940856394,-0.00021579232411067845,-1.0060665897622427,Stocks all (1D)
DVY,-0.0001954108443226644,-2.1973020286985614,-0.00017848453524186,-1.8658041444927544,Stocks all (1D)
DXC,-9.084841690779497e-05,-0.3653245881716788,-4.991317575928471e-05,-0.2048287089228924,Stocks all (1D)
DXCM,0.00035152864121575534,1.8467963548879833,0.00032099340591224625,1.5936259687539829,Stocks all (1D)
EA,0.0002057099636040529,1.277352052934509,0.0002488259317871375,1.5269807121428867,Stocks all (1D)
EBAY,-7.925538269688656e-05,-0.5346618582557288,1.463836746555839e-05,0.09627830178958748,Stocks all (1D)
ECHO,2.3876139143734413e-05,0.15701476401422115,2.8988488867134632e-06,0.018664088930764707,Stocks all (1D)
ECL,-0.00024354957754115782,-2.154292903374477,-0.00017799736439944472,-1.5430950880081398,Stocks all (1D)
ED,5.709125045997658e-05,0.6013486435753197,7.431088668799311e-05,0.781541199926876,Stocks all (1D)
EEM,-0.0001410459089269093,-1.5027793174368602,-0.0001255499176599587,-1.2903908432739093,Stocks all (1D)
EFA,-0.00013717554284668147,-1.5887557980135771,-0.00011721117460018731,-1.2816110003480883,Stocks all (1D)
EFX,-0.00016165707859992385,-1.0420796626443616,-0.00018344077962921797,-1.1232218085870296,Stocks all (1D)
EG,-0.00023984381078807432,-2.1079324320570043,-0.0001206304952602599,-1.007609033045249,Stocks all (1D)
EHC,6.469821196364197e-05,0.34893324478997334,3.241888682225627e-05,0.1744377399131692,Stocks all (1D)
EIX,-5.456824867137751e-05,-0.41208630560695414,-3.925389612617867e-06,-0.028749720195747275,Stocks all (1D)
EL,0.00011179197149016747,0.7115125860449951,0.00012864664717444563,0.7519236338180973,Stocks all (1D)
ELV,3.119860032226873e-05,0.23945985447381976,8.90167225217141e-05,0.6686168744091919,Stocks all (1D)
EME,-0.00013156555532562106,-0.8808588770745106,-0.00012160476517490495,-0.6883435824697363,Stocks all (1D)
EMIF,-0.00017857869583250184,-1.8670391987186286,-0.00019695937370132333,-2.104887316838774,Stocks all (1D)
EMN,-0.0004059423157205547,-2.51169547885809,-0.0003778596557826044,-2.1470144325854696,Stocks all (1D)
EMR,-0.00025161170701300695,-1.9018636869076633,-0.00019327580834505425,-1.393858312190761,Stocks all (1D)
ENPH,-0.0005336967419821935,-1.2106385715256252,-0.00030620172487976486,-0.6857600459056628,Stocks all (1D)
EOG,-0.0003352917868937709,-2.135754023699182,-0.00031215093446936547,-1.7176305804954117,Stocks all (1D)
EPAM,0.00011764240190283712,0.5680293559686952,0.00020149808703927568,0.8441876562556524,Stocks all (1D)
EQIX,5.662367516075382e-05,0.3787074805789611,5.19194171860498e-05,0.35275973651717135,Stocks all (1D)
EQT,-5.9025755392825085e-05,-0.30845979980618005,-3.731552033781297e-05,-0.1997738720591905,Stocks all (1D)
ERIE,0.000238489175526836,1.876639037893372,0.00020456201364554125,1.5552430472532621,Stocks all (1D)
ES,-4.164463035357224e-05,-0.39860246372157665,-3.366166631153439e-05,-0.3128860048165892,Stocks all (1D)
ESRX-201812,-0.0002008401875459087,-1.0307497911903793,-0.00012473868583556737,-0.6077784542640369,Stocks all (1D)
ESS,-0.00014320937286630122,-1.0450293354602715,-9.273031911902607e-05,-0.6784380846396564,Stocks all (1D)
ETFC,-0.000663706207639729,-2.832198469578224,-0.000568130107803598,-2.3028941725134056,Stocks all (1D)
ETN,-0.0003216385216721393,-2.086327496835107,-0.00028031714396334074,-1.7963721862901987,Stocks all (1D)
ETR,0.00011628799770706564,1.0794889627070146,9.73913791724017e-05,0.7973886863715367,Stocks all (1D)
ETSY,0.00032536170038401254,1.0549096134243219,0.00032777349961916506,1.0051147209925033,Stocks all (1D)
EUFN,-0.00021604623691081975,-1.6238319135247608,-0.00019836077989137258,-1.4855058260283074,Stocks all (1D)
EVRG,7.337839999258372e-05,0.6871571965525981,7.733921416195545e-05,0.6960161308652305,Stocks all (1D)
EW,-6.511468760231328e-05,-0.38835719847990685,3.606071152178499e-06,0.021515251566015064,Stocks all (1D)
EWA,-0.00020587891569791934,-1.6551857240479102,-0.0001286327588114888,-1.028474618617768,Stocks all (1D)
EWC,-0.00022624687257955957,-2.5849973431080984,-0.00021983408972341313,-2.1825213078424213,Stocks all (1D)
EWG,-0.0002477792849997443,-2.2176452893730643,-0.0002182730089722361,-1.733077401346847,Stocks all (1D)
EWH,-0.00017215216814387837,-1.9428734799807639,-0.00014703060583064068,-1.5247537492757481,Stocks all (1D)
EWJ,-0.00019505266822641051,-2.482696666150569,-0.00012719306300348752,-1.4612587906031134,Stocks all (1D)
EWS,-0.0001618699598735347,-1.6056061649879372,-0.0001369593465559508,-1.278569230782119,Stocks all (1D)
EWT,-0.00017238812896594035,-1.6068441103807676,-0.0001668252146626834,-1.4560567211717284,Stocks all (1D)
EWU,-0.00015399621250444643,-1.6941014671958035,-9.168432499360776e-05,-0.9199062803005573,Stocks all (1D)
EWY,-0.0002880470501170397,-2.6001166620504366,-0.0002882348731411399,-2.3432675789079322,Stocks all (1D)
EWZ,-7.781787220404256e-05,-0.5178113861452993,-8.652835894466186e-05,-0.5618323814916224,Stocks all (1D)
EXC,9.209603725067036e-05,0.7571617379875053,0.0001104400027314931,0.909026221631793,Stocks all (1D)
EXI,-0.00018160189618678514,-1.7849150966159064,-0.0001733711580473135,-1.6031140140083926,Stocks all (1D)
EXPD,-0.0001600806666400616,-1.3368596328611997,-7.279964904649512e-05,-0.6094621830161309,Stocks all (1D)
EXPE,-0.00043778621049302737,-2.3163625895212676,-0.0004402252249943898,-2.2730027815224703,Stocks all (1D)
EXR,2.6969311226317167e-06,0.018613255421237,3.861032441963088e-05,0.26707348119320495,Stocks all (1D)
F,-0.0003378152903792498,-1.6863308428504724,-0.00032220559013612844,-1.5160675691781835,Stocks all (1D)
FANG,-0.00038283195184435863,-1.7608379736021678,-0.0003300507775762171,-1.510396397515449,Stocks all (1D)
FAST,-0.00013404710590406084,-1.1490557081413928,-6.0078868038423716e-05,-0.5184396907827583,Stocks all (1D)
FBIN,1.9159845812647606e-05,0.13948193799242606,1.9728901635805573e-05,0.1275620765017663,Stocks all (1D)
FCPT,-5.348164817628521e-06,-0.02186260835222192,-0.0001210953987326655,-0.533297308795938,Stocks all (1D)
FCX,8.487536981372203e-05,0.34826662266001035,9.151465605365275e-05,0.361587761005964,Stocks all (1D)
FDO-201507,0.0003008455779358879,1.078623515836794,0.000492616620552736,1.6041293495944442,Stocks all (1D)
FDS,0.00024164217071326834,1.6184616127317275,0.00021571181400142447,1.4253957221003337,Stocks all (1D)
FDX,-0.00028822829629107367,-1.9297614707973767,-0.00029215190634211317,-1.9369306681117504,Stocks all (1D)
FE,4.006552296284155e-05,0.4154746227486377,2.7360570632731065e-05,0.24900912010973383,Stocks all (1D)
FERG,-4.227876432810393e-05,-0.35710223526248486,-9.864648659014699e-05,-0.7026820082154858,Stocks all (1D)
FFIV,-2.499046825316272e-05,-0.1396557527148565,-2.8966606536929504e-05,-0.15164661764031864,Stocks all (1D)
FHN,-6.410974587653779e-05,-0.4010837128924521,-3.9899066950678026e-05,-0.2328136597866321,Stocks all (1D)
FICO,7.484838126921344e-05,0.4208747476915344,0.00010179180835621687,0.5146238323060279,Stocks all (1D)
FII,-0.00017365166019056021,-1.0999018948695078,-0.0001549185686236817,-0.957793794082956,Stocks all (1D)
FIS,-4.389699846270534e-05,-0.30858588210927884,-3.393791393146998e-05,-0.22877269118818855,Stocks all (1D)
FISV,1.3097874017815045e-05,0.10321220229196364,-2.8050539682140158e-05,-0.21180081352773464,Stocks all (1D)
FITB,-0.00040029617799132526,-2.5239036280403293,-0.00043283180200530316,-2.310355997590699,Stocks all (1D)
FIX,5.6469531736962415e-05,0.34832575865049475,6.215392411386326e-05,0.35212352836771865,Stocks all (1D)
FL,3.955494327280982e-06,0.01881100504391289,4.997911910177337e-05,0.2115706339045525,Stocks all (1D)
FLEX,-0.00017230783435798457,-0.7963812584375862,-0.00016214529205577267,-0.7342219505891283,Stocks all (1D)
FLIR,-0.0001703586988103595,-0.7807389330383719,-0.00015441984856219218,-0.647625727028589,Stocks all (1D)
FLR,-0.00017596133442450123,-0.7402433356086467,-8.588875746046093e-05,-0.383451354652615,Stocks all (1D)
FLS,-0.00042343085872314986,-2.5241358308328636,-0.00036688979177630713,-2.1802185544712858,Stocks all (1D)
FMC,-9.75572976624113e-05,-0.5602570953640004,3.0744089650359635e-05,0.16049688918015875,Stocks all (1D)
FMCC,8.066819820969357e-05,0.1977573965095621,4.109838881588446e-05,0.0999759308000302,Stocks all (1D)
FNMA,0.0002603417641346802,0.6416189318712584,0.0002184114765998048,0.5372082741887989,Stocks all (1D)
FOSL,5.073466346892137e-06,0.014126873421485763,9.354071340834293e-05,0.260289918154113,Stocks all (1D)
FOX,-0.00037585119196669614,-1.9144779594826207,-0.00033295624679263535,-1.5908753211506246,Stocks all (1D)
FOXA,-0.00030313229475892095,-1.45198714328585,-0.00027361863324607797,-1.2592179798049643,Stocks all (1D)
FRT,-0.00011085027098262143,-0.7282677264606893,-6.934806328951072e-05,-0.4719385236920281,Stocks all (1D)
FRX-201406,-0.00037088740578774995,-1.3139280001054268,-0.00026735127983259756,-0.8549731662655143,Stocks all (1D)
FSLR,-0.0005835369923127598,-2.6770397824784133,-0.0006794819163671266,-2.9526694515706535,Stocks all (1D)
FTI,-7.452495075146713e-05,-0.360781320174413,-6.130763210382492e-05,-0.2752640907562701,Stocks all (1D)
FTNT,-0.00021167253284381333,-1.1695868098453275,-0.00020892898233615832,-1.0959514323152506,Stocks all (1D)
FTV,-0.00017876007791073903,-1.1505062344173356,-0.00013417787335482962,-0.8625748787967698,Stocks all (1D)
FVC,-0.00011712095534715131,-1.4998207011576612,-0.00011377986435764462,-1.3567546754693545,Stocks all (1D)
FWLT-201412,-0.0006903532025702036,-1.7360990746071991,-0.0009518295665114585,-2.084202234072108,Stocks all (1D)
GAS-201606,-0.0002002827500098526,-1.2641488852493639,-6.640710932199861e-05,-0.4444408773823426,Stocks all (1D)
GD,-0.00011431672945241958,-1.2032599961755162,-6.525288200064323e-05,-0.6156042787672559,Stocks all (1D)
GDDY,0.00033006652443547157,1.7058701200365751,0.0003193972019365669,1.551026542671602,Stocks all (1D)
GE,0.000175340491116376,1.0253530192272877,0.00015585462725238998,0.795211346071431,Stocks all (1D)
GEN,-0.0002891872897662544,-1.6951306120361493,-0.00026012739371419853,-1.4229707562717369,Stocks all (1D)
GGP-201808,-2.7718085290030665e-05,-0.1215380226211094,4.135887890332625e-05,0.18322257177190063,Stocks all (1D)
GHC,-0.00013324498007415717,-0.9648829227590403,-8.543370703042002e-05,-0.5680060531491992,Stocks all (1D)
GILD,-4.7035670041258703e-07,-0.0034285794822113435,5.946655246703143e-05,0.4382082538874134,Stocks all (1D)
GIS,6.266893585684752e-05,0.5587703053350983,0.00012374584744697924,1.1011245031713401,Stocks all (1D)
GL,-0.0002539165610342805,-1.9609382921542962,-0.00028998026030034336,-1.8658982908470227,Stocks all (1D)
GLD,-1.4153552851748944e-05,-0.17430604347450754,-2.1915020346785193e-05,-0.2592058361963966,Stocks all (1D)
GLW,7.208301049606454e-05,0.39764599848794036,2.7182419709575198e-05,0.1483683477773844,Stocks all (1D)
GM,-0.00018990927440190486,-1.254705629573848,-0.00021090113219810703,-1.351838958675789,Stocks all (1D)
GMCR-201603,-0.00028327518781880704,-0.8770871433319605,-0.0006184302294832454,-1.5962631302512706,Stocks all (1D)
GME,-0.000428780810821618,-1.12800198346936,-0.00046403028562636277,-1.0619057772418687,Stocks all (1D)
GNRC,3.238076269445267e-05,0.16989307636754528,-4.100973374568852e-06,-0.021219483698326196,Stocks all (1D)
GNW,-7.314785365235079e-05,-0.3356586550291423,-8.408834208655803e-05,-0.3903086411794842,Stocks all (1D)
GOOG,-0.00033527407098875235,-2.6690485733630176,-0.0003276074321493072,-2.4997534761671054,Stocks all (1D)
GOOGL,-0.0003057020415058394,-2.391441983647295,-0.0002959231178635626,-2.2263367838885837,Stocks all (1D)
GPC,8.485938614715055e-05,0.7134917025350875,0.00014876637738965711,1.2574314834071063,Stocks all (1D)
GPN,-9.671405747512765e-05,-0.6939985752285325,-8.30269512694372e-05,-0.5818210049803282,Stocks all (1D)
GRA,-0.0002865692365273837,-1.438835665112131,-0.00022987177990803687,-1.1564441440192372,Stocks all (1D)
GRMN,-0.00011130870626328678,-0.6516845438994228,-0.00011341155001913209,-0.6594844801598424,Stocks all (1D)
GS,-0.0002704469354437028,-1.8854820783525408,-0.00033722831387609267,-1.9774425203960397,Stocks all (1D)
GT,-0.0004115398173327827,-1.612565061305133,-0.00030352160498459395,-1.1715172103364908,Stocks all (1D)
GWW,-6.317728050494358e-05,-0.6010524369443907,-5.5992068339130973e-05,-0.4953739594467998,Stocks all (1D)
HAL,5.212789475622278e-05,0.2508304075122481,-3.35169586886397e-05,-0.16402951219355966,Stocks all (1D)
HAS,-0.0001848109958124168,-1.247022096909153,-0.000140108658173637,-0.9028817979532074,Stocks all (1D)
HBAN,-0.0003970147888615854,-2.5867902115682972,-0.0003464483366886351,-1.9955839411160252,Stocks all (1D)
HBI,1.692334123568182e-05,0.08561828156145267,3.3260397602634232e-06,0.01733662954241708,Stocks all (1D)
HCA,1.0377939504898467e-05,0.05868135452105458,1.7213410758764745e-06,0.010221074308771578,Stocks all (1D)
HCBK-201510,-0.0001453709734188664,-0.7037037965382231,-1.9687665202351376e-05,-0.09229284013689462,Stocks all (1D)
HD,-6.688002844052813e-05,-0.5342426323182494,-9.129261557656878e-05,-0.6397989975642168,Stocks all (1D)
HES,-0.00031280194888554157,-1.7115170463685536,-0.0003183269463023368,-1.639128430745118,Stocks all (1D)
HIG,-0.00018836831797840563,-1.287442811330159,-0.0002319457033056829,-1.2852098195851471,Stocks all (1D)
HII,2.2001230246434035e-05,0.1971794802221768,-3.5599443833957667e-05,-0.28653333770175565,Stocks all (1D)
HLT,6.697619275572667e-05,0.3804869977565769,3.259893383881978e-05,0.1857525591381017,Stocks all (1D)
HOG,-0.0003266806770121096,-2.095996833119846,-0.00023657135122473165,-1.4561725140630513,Stocks all (1D)
HOLX,-0.0002211884745808302,-1.3992678876752207,-0.0001349217637181978,-0.8191809648017764,Stocks all (1D)
HON,-0.00028681739634844547,-2.565613159759197,-0.0002346699127704478,-1.9715260395713075,Stocks all (1D)
HP,-0.00026099903173172926,-1.266255976409896,-0.00031831423401456666,-1.4464975082914213,Stocks all (1D)
HPE,-0.00023314840620412646,-1.051525276726105,-0.0002492542337849733,-1.1687261515747143,Stocks all (1D)
HPQ,1.5937218773715134e-05,0.08498799202899847,-2.301354750285444e-05,-0.1151558715511931,Stocks all (1D)
HRB,2.3854665697597323e-05,0.13955007502215547,-2.602449886482949e-05,-0.14586801827641033,Stocks all (1D)
HRL,6.482934357029449e-05,0.6474033014192689,0.00010741025336399747,1.1344815069518281,Stocks all (1D)
HSH-201408,0.0004718611453255095,1.4239258791081997,0.0006149735919196283,1.3832105626157267,Stocks all (1D)
HSIC,-2.5950912042037542e-05,-0.22528819537625402,4.061101335629577e-05,0.3749443962286207,Stocks all (1D)
HSP-201509,-0.000219526958366565,-1.3882009997905438,-0.00018552899440586068,-1.120990257370449,Stocks all (1D)
HST,-0.00024076734371487519,-1.5192429536688419,-0.00014862729902239178,-0.9073664629373935,Stocks all (1D)
HSY,-5.142877677306085e-05,-0.4820045176458294,-1.947873784641879e-06,-0.017867011728960425,Stocks all (1D)
HUBB,-0.00024940914382332036,-2.013945883835812,-0.00020476516253907067,-1.6121726829630625,Stocks all (1D)
HUM,1.1054178221930008e-06,0.007116535603667017,0.00016300191598642974,0.8674414766343053,Stocks all (1D)
HWM,2.848990494434364e-05,0.10801584140986588,6.954151913769879e-05,0.23619255022035326,Stocks all (1D)
HYG,-9.669818222474846e-05,-2.9888107164440925,-0.00010397244543208037,-2.8803360536718774,Stocks all (1D)
IAI,-0.00029179618494774384,-2.2501813191643554,-0.0003212649621505529,-2.258712602908815,Stocks all (1D)
IAK,-0.00014002358166995298,-1.1902181928984532,-0.0001212163802737988,-0.9649032989173218,Stocks all (1D)
IAT,-0.00027852582578489197,-2.029317635305606,-0.0002541658865927999,-1.8852874776605737,Stocks all (1D)
IBB,0.00012186370312400487,1.0666049899328334,0.00012903902289192152,1.1436737886857935,Stocks all (1D)
IBKR,0.00018931876015922447,1.210014258955587,0.00020911700098540437,1.3376783883710852,Stocks all (1D)
IBM,-0.00021034540205026915,-1.7563304007137397,-0.00018322401137144074,-1.4882537302853127,Stocks all (1D)
ICE,-0.00010450016136766972,-0.8886334772509048,-6.725792197653484e-05,-0.5690611803081361,Stocks all (1D)
ICF,-0.00020896538300610313,-2.0573263909903403,-0.00015790421228224433,-1.5561965213368034,Stocks all (1D)
ICLN,3.920250814623481e-05,0.2549440074083772,3.23255307837913e-05,0.2046541633076698,Stocks all (1D)
IDGT,-0.00013124867078454622,-1.309819331271525,-0.00010129041349636162,-0.9869695766052641,Stocks all (1D)
IDNA,3.7839217787554424e-05,0.17254480633517208,0.00010415199256411303,0.471528145853429,Stocks all (1D)
IDRV,-0.0002390418974515296,-1.2236409478226842,-0.00021044361057508175,-0.9448760513504466,Stocks all (1D)
IDU,-3.0451734977805125e-05,-0.3461763402701358,1.631868938551309e-05,0.19225323000286476,Stocks all (1D)
IDXX,-0.00021826154410499107,-1.4080749867655546,-0.0002311045396083903,-1.5104419937371256,Stocks all (1D)
IEF,6.838083543249273e-06,0.36646276591329247,5.16635007982595e-06,0.2842497733167699,Stocks all (1D)
IEO,-0.0003833889573220383,-2.097738215555614,-0.00039360368876973566,-2.073979895190485,Stocks all (1D)
IETC,-0.00013797777138714625,-0.7713975142519889,-9.767746954487445e-05,-0.4326406047354115,Stocks all (1D)
IEX,-0.00019157915381380215,-1.6426136312102169,-0.0001987620421857712,-1.630198099349133,Stocks all (1D)
IEZ,-6.486507717170556e-05,-0.3402393673298913,-7.751852087403078e-05,-0.37458464104380246,Stocks all (1D)
IFF,-0.00018063279092781807,-1.3892790416656569,-0.00015520151339001303,-1.2122433911047241,Stocks all (1D)
IFGL,-0.00020864225163513665,-2.1250782097430267,-0.00020077130462909656,-1.9804823747712188,Stocks all (1D)
IFRA,-0.00012073658012347705,-0.6438711342073427,-0.00021182788062761596,-1.1470515594297679,Stocks all (1D)
IGE,-0.00023319348183208137,-2.203264706613798,-0.00020528512120305284,-1.7925464194575143,Stocks all (1D)
IGF,-0.00015624877377055888,-1.6405959298249608,-0.00012711069288225656,-1.2891697307972523,Stocks all (1D)
IGM,-0.00017161660309451043,-1.465648145027067,-0.0002048258986341988,-1.5787805892364672,Stocks all (1D)
IGV,-0.00010878463034992667,-0.9815428070753738,-0.0001475287616818893,-1.2157564722623564,Stocks all (1D)
IHAK,-0.00023266346476474669,-1.3821642958855598,-0.00021953623839942086,-1.2608281330929652,Stocks all (1D)
IHE,4.4396376583386944e-05,0.4925894554970195,4.345440744566117e-05,0.4793987773118331,Stocks all (1D)
IHF,3.162704009907317e-05,0.381077264409867,-7.969357145850459e-06,-0.09243708525182981,Stocks all (1D)
IHI,-4.375494575514606e-05,-0.4656417158676152,-3.4249859622201916e-05,-0.3454167976177334,Stocks all (1D)
IJH,-0.0002110383253602639,-2.434770477957021,-0.0002218448333017305,-2.2732507064004754,Stocks all (1D)
IJJ,-0.0002581312270436483,-2.800329770813553,-0.0002662384706709573,-2.4965460038760243,Stocks all (1D)
IJK,-0.00013713033587347395,-1.6161950558299205,-0.0001416044347416984,-1.493277360113592,Stocks all (1D)
IJR,-0.00027771454665067354,-2.865437341917978,-0.00025123719632416647,-2.3115795272460447,Stocks all (1D)
IJS,-0.0003091666306074246,-3.2341201440477194,-0.00029352542656182156,-2.5240826836552004,Stocks all (1D)
IJT,-0.00021037901258610578,-2.239783133453394,-0.00018916247863528103,-1.8063633277393876,Stocks all (1D)
ILMN,7.786687310538164e-05,0.355498800255262,-2.876246475726783e-05,-0.1230549583569804,Stocks all (1D)
INCY,0.00018791638735363056,0.772708866768241,0.0002722345976915598,1.0850140583336603,Stocks all (1D)
INTC,1.1658222838866963e-05,0.05866717806120034,3.8255518975007126e-05,0.19066296309307149,Stocks all (1D)
INTU,-6.19327118577143e-05,-0.34429359943194504,-2.677993058732602e-05,-0.1511919851718838,Stocks all (1D)
INVH,-0.0001776013682370788,-1.161780099600379,-0.00025492173882661823,-1.25510012953707,Stocks all (1D)
IP,-0.00032209068187776657,-2.1060960719899526,-0.00026442095388585373,-1.6289153094164859,Stocks all (1D)
IPG,-0.00032293206794421363,-1.9321209416267304,-0.00016151447256197845,-0.9635878723885062,Stocks all (1D)
IPGP,-0.00014537490411713612,-0.9122258034734998,-0.00012023905635466533,-0.7144126722998527,Stocks all (1D)
IQV,-0.0002193561307551436,-1.2825325224666269,-0.00024369929831725626,-1.3802716631927119,Stocks all (1D)
IR,3.376791534228718e-05,0.16274786680282696,-4.012309704761691e-05,-0.1801277111211993,Stocks all (1D)
IRM,-0.00022075426459541,-1.4501357754203734,-0.0001791859507434807,-1.1023010348872433,Stocks all (1D)
ISRG,8.329397744686946e-05,0.5520731602664218,7.533545518344146e-05,0.47305019713605584,Stocks all (1D)
IT,-0.0003276893429633912,-1.7599355789499869,-0.0003211280807669873,-1.5613702328786796,Stocks all (1D)
ITA,-0.0001807939961705671,-1.3407122190792014,-0.00015672386655589862,-1.082107597425524,Stocks all (1D)
ITB,-0.00015074873068920708,-0.8585454786667901,-0.00015782650441945585,-0.8564565500704738,Stocks all (1D)
ITT,-0.00027793245688347717,-1.752988610194189,-0.00026509559901237304,-1.5707225496748836,Stocks all (1D)
ITW,-0.00018537886532408814,-1.4227603229481838,-0.0001523362029476764,-1.180148523496528,Stocks all (1D)
IVE,-0.00018861425544513968,-2.5404413313164795,-0.0002247110045032119,-2.558399438973852,Stocks all (1D)
IVV,-0.00023593773872357366,-2.822097397497953,-0.000251419402149309,-2.628940051383246,Stocks all (1D)
IVW,-0.00022002440959369976,-2.3845461132949444,-0.0002475887623906416,-2.3501913908325553,Stocks all (1D)
IVZ,-0.0002652883406441741,-1.6500181429790035,-0.00032464801731738323,-1.8818431044137958,Stocks all (1D)
IWB,-0.0002377734623258438,-2.8563210169493134,-0.0002617711712970137,-2.737677183356911,Stocks all (1D)
IWD,-0.00020128286534014286,-2.6443154641134763,-0.000228123969451862,-2.5606922296107193,Stocks all (1D)
IWF,-0.00019829402629620098,-2.0904833833945835,-0.00023274273425065765,-2.1633080478245077,Stocks all (1D)
IWM,-0.00024786650973475746,-2.542523582211053,-0.00024361635123253404,-2.2231191990646817,Stocks all (1D)
IWN,-0.0002779959590553473,-2.8164728229769045,-0.0002691028198752413,-2.2976808368809265,Stocks all (1D)
IWO,-0.00015881552724069991,-1.5239697050264198,-0.0001637278581493588,-1.4687258273610397,Stocks all (1D)
IWV,-0.00023612607995380483,-3.0038478827981843,-0.0002647951263082793,-2.897634819687191,Stocks all (1D)
IXC,-0.0001823974885690874,-1.6984032721737832,-0.00016468107244543536,-1.3996908894016578,Stocks all (1D)
IXG,-0.0002670692440656894,-2.8235525217149977,-0.00024399615085524647,-2.25972996099821,Stocks all (1D)
IXJ,-8.329965023054873e-05,-1.196905364355889,-6.859335304792305e-05,-0.9435602679907303,Stocks all (1D)
IXN,-0.00020256047108416052,-1.6947517572098567,-0.0002473218999623668,-1.8563296645110283,Stocks all (1D)
IXP,-0.00020143311451240487,-2.3301908946704386,-0.00018293869663303693,-2.031748036477598,Stocks all (1D)
IYC,-0.00018921272850674713,-2.013170877351384,-0.0001985686258284026,-1.9599439548711493,Stocks all (1D)
IYE,-0.00023683742324847877,-1.867321545240599,-0.0002249631088652457,-1.623073318359075,Stocks all (1D)
IYF,-0.0002927933319324001,-3.0923912866659182,-0.0002919660654682462,-2.5622411739431104,Stocks all (1D)
IYG,-0.0003038505928558934,-2.8239211555376498,-0.0003013672667370758,-2.3709215853275003,Stocks all (1D)
IYH,-8.474188666914774e-05,-1.1537878000751303,-7.296708355956668e-05,-0.9829518232519252,Stocks all (1D)
IYJ,-0.00022019175059572105,-2.7296052872814087,-0.00024406192102926667,-2.568236551583425,Stocks all (1D)
IYK,-0.00015148445649189364,-2.168978029350607,-9.631538532188698e-05,-1.203392163681652,Stocks all (1D)
IYM,-0.0002461472860336858,-2.4740737918158384,-0.000181525796076834,-1.757863715578472,Stocks all (1D)
IYR,-0.00015595132668456307,-1.6416948248488679,-0.000118296854308514,-1.1971854739565913,Stocks all (1D)
IYT,-0.0002677899149554703,-2.331714945297256,-0.0002242529203297682,-1.9799599534314696,Stocks all (1D)
IYW,-0.00017457972099409294,-1.4418423848715676,-0.00019784320828480716,-1.4939725362485945,Stocks all (1D)
IYZ,-0.00013927736435593801,-1.4641122670647575,-0.00011885837300320344,-1.2159201271765379,Stocks all (1D)
J,-0.0001626579374389946,-1.1927430761282232,-0.00017045310010733972,-1.1801211287561724,Stocks all (1D)
JBHT,-0.00019076115654963446,-1.5787676837330367,-0.00016441729753984623,-1.3171703525374105,Stocks all (1D)
JBL,-0.00016887788539453842,-0.7597181290450512,-0.0001458596422136725,-0.631814729833435,Stocks all (1D)
JCI,-0.00025800591945459103,-2.0174013310310097,-0.0002704153349765157,-1.7521405846379918,Stocks all (1D)
JEF,-0.00021174622700390324,-1.2798384858377063,-0.0003183098713679661,-1.7568213049068249,Stocks all (1D)
JKHY,8.739844691145316e-06,0.0850863648784207,1.6204906597398927e-06,0.016546203678153088,Stocks all (1D)
JNJ,-6.023241692276867e-05,-0.7197174245592102,-1.4772838395964665e-05,-0.16115842517815135,Stocks all (1D)
JNPR,-8.768313699476645e-05,-0.5116791087422055,-6.850750569887867e-05,-0.40215544269694775,Stocks all (1D)
JNS-201705,-0.00034997845478755546,-1.2641813835380922,-0.00024790775559752987,-0.8774307404537312,Stocks all (1D)
JNY-201404,0.0001392556016420601,0.3301056239628038,-0.00010446617291432932,-0.1948130474492314,Stocks all (1D)
JOY-201704,-0.00036190698996340905,-1.3005887254519155,-0.0004815352686370182,-1.4286772114455886,Stocks all (1D)
JPM,-0.00037606988619251415,-2.7747580292865637,-0.0003911758461171556,-2.271152926407315,Stocks all (1D)
JWN,-0.00040504831405778545,-1.4031293306667911,-0.0003047918027812007,-1.0187005866188825,Stocks all (1D)
JXI,-1.9826941272004953e-05,-0.23690518114959738,-1.431039630931507e-05,-0.1829761340075341,Stocks all (1D)
K,-0.00015163091795585687,-1.9685866696797814,-0.00015052617304276442,-1.9974647270852077,Stocks all (1D)
KATE-201707,-0.0001440807754860285,-0.31921723618431763,-0.0001898653076220313,-0.41321554695134755,Stocks all (1D)
KBH,-9.87265990313354e-05,-0.33967290149838697,-8.092921575619763e-05,-0.2652617368633745,Stocks all (1D)
KDP,-8.257684552123761e-05,-0.6362163636487687,-6.651274307054149e-05,-0.5369804271446232,Stocks all (1D)
KEY,-0.0004189613136569343,-2.7101594338463686,-0.0004310244951910231,-2.4331317317485532,Stocks all (1D)
KEYS,-6.8898384646599135e-06,-0.04374108087954057,-2.020717838869881e-05,-0.13229300029782992,Stocks all (1D)
KHC,-8.229729675621624e-05,-0.4789219625341943,-7.477565614529013e-05,-0.4362658503878107,Stocks all (1D)
KIM,-1.8522952771978487e-05,-0.1100321117485634,-6.323203060151142e-05,-0.34325380013364454,Stocks all (1D)
KKR,-0.0002055016869149381,-1.1661519454542075,-0.00025520134175803565,-1.3077908085688978,Stocks all (1D)
KLAC,4.874212332534593e-05,0.2635102231299708,8.479601623092351e-05,0.4364294599683485,Stocks all (1D)
KMB,7.530832957341472e-06,0.07613911880770467,3.058091089686367e-05,0.29933433180331004,Stocks all (1D)
KMI,-0.0003908945007287167,-2.7464868266528346,-0.00037131456532638296,-2.59463768747947,Stocks all (1D)
KMX,-0.0002080848027425521,-1.1026368415071703,-0.0002274882748346277,-1.1106078194789788,Stocks all (1D)
KO,8.385441978990144e-05,0.8943709429122634,0.0001045142400472726,1.1245771418309451,Stocks all (1D)
KORS,-0.0004987793917126543,-1.927487917689736,-0.0005109761772151446,-1.8748989015289765,Stocks all (1D)
KR,-1.611247281994701e-05,-0.13660898776724106,2.8717277244409074e-05,0.24429656226197125,Stocks all (1D)
KSS,-0.0003830925416081118,-1.6080216572900492,-0.0002390079767817121,-0.9127276700078221,Stocks all (1D)
KSU,-0.00041077410292592764,-2.2463038325101428,-0.00028909202187091905,-1.5612201410184217,Stocks all (1D)
KXI,-7.393899574580967e-05,-1.003310569814019,-4.996129006947251e-05,-0.6870357503314435,Stocks all (1D)
L,-0.00018888921130263346,-1.8426679298044981,-0.00010008556549759035,-0.8907766244236148,Stocks all (1D)
LDOS,0.00011671044200065641,0.8510943172986607,0.00012826895406459497,1.0058649513289326,Stocks all (1D)
LEG,-2.1669328880524382e-05,-0.13967778046394705,2.941738469226727e-05,0.19032696614607572,Stocks all (1D)
LEN,-7.857737004587945e-05,-0.3974364282832763,-5.343303105937671e-05,-0.26644244688943214,Stocks all (1D)
LH,-0.00021468285026902156,-1.635559574036173,-0.0001630526414735247,-1.1306116939605193,Stocks all (1D)
LHX,4.442170178937493e-06,0.03531531974894745,-5.4284100220741574e-05,-0.390134922398958,Stocks all (1D)
LII,-6.876676129645787e-05,-0.4944076647397181,-3.729075694469002e-05,-0.24878587715382486,Stocks all (1D)
LIN,-0.0001344373426037242,-1.66410448158221,-8.677212465512218e-05,-1.0334470196196153,Stocks all (1D)
LITE,0.00017209802326968276,0.7428154633487309,0.0001628383114836715,0.7063014798288836,Stocks all (1D)
LKQ,-0.00024725806149647955,-1.5930752770438528,-0.0001911930340961732,-1.1595420045358402,Stocks all (1D)
LLL,-0.000178386600307544,-1.2649316502594172,-0.00014956001899303842,-1.014031316388149,Stocks all (1D)
LLY,4.328115504291057e-05,0.24161767322823763,7.428459686178086e-05,0.44129621001285013,Stocks all (1D)
LM,-0.0003892427076390323,-1.6765015642765304,-0.00022503119056504995,-0.9742771505517298,Stocks all (1D)
LMT,-0.00010627270937794156,-1.0090908270315484,-0.000128566719630131,-1.0627311450420318,Stocks all (1D)
LNC,-0.000738061531042156,-3.35655652554463,-0.000690799975655133,-2.774893072992192,Stocks all (1D)
LNT,-6.129869948052092e-06,-0.05997964047814688,2.6922903453815016e-05,0.27454584249687414,Stocks all (1D)
LO-201506,-7.721000534240063e-06,-0.04470073917108687,-2.54595504399417e-05,-0.1466129709734967,Stocks all (1D)
LOW,-4.9300062683952815e-05,-0.3419975073263323,-2.511661898045817e-05,-0.1575969217123518,Stocks all (1D)
LPX,-0.00026456157272784916,-1.0849403654361944,-0.00014499765426503194,-0.5826588627638417,Stocks all (1D)
LQD,-6.02205945952403e-05,-2.4484655027606856,-6.28590995705165e-05,-2.391854021716144,Stocks all (1D)
LRCX,-0.00010386094879311674,-0.5039527322550743,-0.00010559993605186581,-0.5006182229898404,Stocks all (1D)
LUB,-0.00013428749042344268,-0.3599474736548014,-0.0001283981270235824,-0.357350584543095,Stocks all (1D)
LULU,9.729800240288708e-05,0.5298753810317519,0.00011049057586974442,0.551572213604861,Stocks all (1D)
LUMN,-0.00010789300521508691,-0.38036618042004244,-0.00012759165410994623,-0.4301207393532262,Stocks all (1D)
LUV,-0.00021205148562821136,-1.1318769971153921,-0.00021826027479178656,-1.0982699397013382,Stocks all (1D)
LVLT-201710,-0.00019798008117491873,-0.8006859018392933,-0.0002646206280690819,-1.0298063677635543,Stocks all (1D)
LVS,-6.535011747973113e-05,-0.41075499749925676,-6.978600991938237e-05,-0.42697981263357626,Stocks all (1D)
LW,-0.00024132412001200273,-1.2292870706626908,-0.00031097167864738726,-1.4067154993098567,Stocks all (1D)
LYB,-9.926997466320477e-05,-0.6636716748768611,-0.00019784990020510354,-1.228046412983023,Stocks all (1D)
LYV,-0.00024915932067472824,-1.369712791010507,-0.00020231634314336875,-1.123591467488268,Stocks all (1D)
M,-0.00020096679648206733,-0.8768736136903418,-0.00017503462743131683,-0.7671127528739122,Stocks all (1D)
MA,0.00011331827332170316,0.9776769052933595,8.363148704034624e-05,0.7387452304540851,Stocks all (1D)
MAA,-0.00014620818067674746,-1.1236428535510223,-0.00012169726626521909,-0.9137588606241642,Stocks all (1D)
MAC,5.391320822367657e-05,0.22630459133855993,4.467352677450146e-05,0.1806444512333119,Stocks all (1D)
MAR,-0.0001906303205021267,-1.4057828174377311,-0.00017446778191176137,-1.0969407563920253,Stocks all (1D)
MAS,-0.00013137622964791545,-0.7924792476195387,-4.765191710803615e-05,-0.2759047049816522,Stocks all (1D)
MAT,-0.0001541349791490584,-0.9094583644024116,-0.00010334179589335132,-0.618975117093782,Stocks all (1D)
MBI,-3.6545632304468567e-05,-0.14269464687206496,-1.5711124162776092e-05,-0.06136735218734748,Stocks all (1D)
MCD,-2.553990708457606e-05,-0.3143030507016271,-1.3307818122427144e-05,-0.15929579727698237,Stocks all (1D)
MCHP,-0.0003410502961407689,-2.006637230301552,-0.00026295810386279194,-1.548078166189058,Stocks all (1D)
MCK,-0.00017554268901485152,-1.1899812256727447,-7.285448882622841e-05,-0.42888238979445714,Stocks all (1D)
MCO,-0.00026975977338966205,-1.787064126406683,-0.0002935112124962815,-1.819406304154273,Stocks all (1D)
MDLZ,-5.730795265631516e-05,-0.6014980438955665,-2.8778448933871348e-05,-0.3264737413777012,Stocks all (1D)
MDR,-7.734353457994933e-05,-0.18555854562473342,-0.00040073564877890125,-0.9063738898544007,Stocks all (1D)
MDT,-4.1042325827827485e-05,-0.354615706330788,-4.378579699732859e-05,-0.3693597521567132,Stocks all (1D)
MDY,-0.0002494344503338018,-2.797664923342347,-0.0002605743532319804,-2.485908022538871,Stocks all (1D)
MET,-0.0003603359146192356,-2.1951837070072022,-0.0002405248161816557,-1.4736265997463338,Stocks all (1D)
META,0.00014250436096641846,0.6358905739480261,9.186030688358303e-05,0.37877643849028997,Stocks all (1D)
MGM,-0.0005134084537342117,-2.2516105135055366,-0.0003186939703947276,-1.2476417005550473,Stocks all (1D)
MHK,-0.0003108988326689149,-1.9513247948374166,-0.00034786710474323874,-1.8313202255102723,Stocks all (1D)
MJN-201706,-7.995363407220785e-05,-0.4930272531523161,-6.972563857217657e-05,-0.4542023277015108,Stocks all (1D)
MKC,-1.65586083363161e-05,-0.1497153701486922,-2.2117895061925437e-05,-0.18682721064534172,Stocks all (1D)
MKTX,-0.00016326829712581586,-0.9184624912875217,-0.0001392091097357598,-0.7695526874854175,Stocks all (1D)
MLM,-0.00020773098564486585,-1.473461177022998,-0.00023476000276595048,-1.5186308140867515,Stocks all (1D)
MMM,-0.00014988697902964949,-1.2067644694104525,-0.0001425329662932059,-1.0705101039041676,Stocks all (1D)
MNST,0.0001756871888505261,1.1299065908082477,0.000137461022817969,0.9117221935087618,Stocks all (1D)
MO,5.9273778235095094e-05,0.5534231227189518,2.9086164348931825e-05,0.24543548915194172,Stocks all (1D)
MOH,0.00038146426500828385,1.967605159872189,0.000302766445062322,1.5647107657986925,Stocks all (1D)
MOS,3.528703604259035e-05,0.16776977037571675,7.322533646246958e-05,0.3500698670037558,Stocks all (1D)
MPC,-0.0003504714269250649,-1.662063290771115,-0.00030746668871162376,-1.5155611537945535,Stocks all (1D)
MPWR,-2.6647776601267253e-05,-0.15297013698584,2.168298750525991e-05,0.1309190931903976,Stocks all (1D)
MRK,-0.0001020548015507011,-0.9401166005028052,-4.558132118472857e-05,-0.43868224313421383,Stocks all (1D)
MRNA,0.0002308670462425733,0.47513787315920847,0.0001285462110404606,0.24310929583377855,Stocks all (1D)
MRO,2.6185574107419544e-06,0.011472583872036464,-0.00013697450446290818,-0.5326196143688775,Stocks all (1D)
MRSH,-0.00011103054655219231,-1.095655240404748,-4.553490390154743e-05,-0.40870174027236394,Stocks all (1D)
MRVL,-0.000244820734308346,-1.1421175978785107,-0.00028215750408761985,-1.3039268389590566,Stocks all (1D)
MS,-0.0004187320624876071,-2.3369340478022966,-0.00048348003617368964,-2.249529851925883,Stocks all (1D)
MSCI,-9.934051586333723e-05,-0.6801237321864256,-6.398983774747609e-05,-0.4435366157983215,Stocks all (1D)
MSFT,3.0232750667505957e-05,0.23827611946763294,2.9227295140590715e-05,0.2248075973455721,Stocks all (1D)
MSI,-0.0001650631655390884,-1.2667815944716792,-0.00017698850163823949,-1.3320617656496105,Stocks all (1D)
MTB,-0.00046550237812339925,-2.9552488933717647,-0.00036110491633071845,-2.2772981162267345,Stocks all (1D)
MTCH,-7.197478807824909e-05,-0.34858831778045224,-6.755851530389709e-05,-0.3017900164772608,Stocks all (1D)
MTD,2.3202974738744864e-05,0.1785804563734184,7.949060014934123e-06,0.06017980438861241,Stocks all (1D)
MTG,-5.5122040899913656e-05,-0.19643844565104718,-0.0002558618096992785,-0.7642489964105406,Stocks all (1D)
MTW,-0.00042581210583446995,-1.7016206850030915,-0.000488274007643857,-1.7800241143270275,Stocks all (1D)
MU,-0.0005823414378981607,-2.4142461982199217,-0.0006548211206397869,-2.427816049143454,Stocks all (1D)
MUR,-0.00044782907060848386,-1.860018765502711,-0.00040527316065121634,-1.5259134201414268,Stocks all (1D)
MWV-201507,2.556926102233799e-06,0.008871188024575911,0.00016478238210363544,0.5760069687826952,Stocks all (1D)
MXI,-0.00023166062912899227,-2.216771635212116,-0.00020797027366290625,-1.9023918857590603,Stocks all (1D)
MXIM,-0.00016881362185392087,-0.8767566390385415,-7.8182979681385e-05,-0.42083733894626396,Stocks all (1D)
NAV,-0.0002422540461913582,-0.7918905991177253,-0.00023791882432460063,-0.6926592737256115,Stocks all (1D)
NAVI,-0.000385568384579356,-1.7243894566649127,-0.00038228113968887743,-1.7422086113004482,Stocks all (1D)
NBL,-0.00039554302217290993,-1.594831036289717,-0.00027005429856703935,-1.0007515531731561,Stocks all (1D)
NBR,8.707187706128874e-05,0.19474172024170677,5.533820879364464e-06,0.012211802109759971,Stocks all (1D)
NC,-0.00024049012399644443,-1.0323227767970418,-0.00019315593128595108,-0.7993859567761615,Stocks all (1D)
NCLH,-0.00038410650940003485,-1.3984140264290317,-0.0003588611727611727,-1.3252528485384154,Stocks all (1D)
NDAQ,-0.00030788969801136306,-2.299555993329431,-0.0002491815846554611,-1.8775746707279788,Stocks all (1D)
NDSN,-0.00029257435786364397,-1.9637638745395916,-0.0002577813473847585,-1.655250114039325,Stocks all (1D)
NEE,-7.63927454299158e-06,-0.05929720454203808,5.84736845554458e-06,0.04935501129561623,Stocks all (1D)
NEM,0.00015329426317699533,0.8252515903766521,0.00014982226250483604,0.7940894178919119,Stocks all (1D)
NFLX,7.333245238836097e-05,0.32887649412644104,4.645634231178553e-05,0.18469765824403592,Stocks all (1D)
NI,-0.00013698427400222113,-1.2240000271413736,-9.992138287900359e-05,-0.8823417937916904,Stocks all (1D)
NKE,0.00011029434585105234,0.6673329984641303,0.0001574511813791958,0.945583756701083,Stocks all (1D)
NKTR,-0.00013414913890969009,-0.37421635997824076,-0.00012048671941226278,-0.33064392580390556,Stocks all (1D)
NLSN,-7.240264240191177e-05,-0.457420230368691,-5.9090015079231766e-05,-0.3919284193187223,Stocks all (1D)
NOC,8.515443258638696e-05,0.7745135858440297,3.2112945988443375e-05,0.2635356511886443,Stocks all (1D)
NOV,-0.000432823026474347,-2.314953114349145,-0.00031459086657288876,-1.7185402468833384,Stocks all (1D)
NOW,0.0001253398901741839,0.5888722506515758,0.0001565386498125073,0.7432081180063436,Stocks all (1D)
NRG,-6.029209457556827e-05,-0.33755482469333503,-6.243024340696227e-05,-0.3355623755585808,Stocks all (1D)
NSC,-0.0001395220855922417,-0.9944062667966896,-0.00011597745964752445,-0.7541798876107599,Stocks all (1D)
NTAP,-0.00015105400945515795,-0.8962808901937356,-0.0001850356817984558,-1.037949364177655,Stocks all (1D)
NTRS,-0.00043850248569503986,-3.308527184951172,-0.0003752491728595264,-2.5400972319502806,Stocks all (1D)
NUE,-0.00018418135550814487,-1.0207561666849814,-0.00016045546089999286,-0.8589653781118483,Stocks all (1D)
NVDA,-0.00033904567224969835,-1.3477651888440612,-0.0003267990994309566,-1.3172916679163227,Stocks all (1D)
NVR,-6.567200039715531e-05,-0.4016317931526065,-0.00010593936920811703,-0.6532244221494071,Stocks all (1D)
NWL,-0.00015673672784208588,-0.8023134964662033,-0.00014875940168439613,-0.7616938382366382,Stocks all (1D)
NWS,-0.00020821148969712254,-1.5720330766281347,-0.00020814129951311023,-1.570119565546129,Stocks all (1D)
NWSA,-0.00018334467328406034,-1.3472551901507384,-0.00017929142668902292,-1.3157621491704914,Stocks all (1D)
NXPI,5.716539853117317e-05,0.3487280692085976,3.0903648353241285e-05,0.17096460945027403,Stocks all (1D)
NYT,-4.424931562965176e-05,-0.2303268788680392,1.3193253572397963e-05,0.06530333914870211,Stocks all (1D)
O,3.806360565028649e-05,0.2917468139105356,3.5964311697469786e-05,0.2547481912970971,Stocks all (1D)
ODFL,-0.00021571908450600838,-1.5332455017066264,-0.00022252087684542215,-1.5077196135834718,Stocks all (1D)
ODP,-0.00030835759890172275,-1.0415886903445515,-0.00033002798667111026,-1.0682725186982354,Stocks all (1D)
OI,-0.00037976266816592945,-1.9820385833668994,-0.0002763475157750777,-1.4662343235477833,Stocks all (1D)
OKE,6.868949026167843e-05,0.27587869616011357,-8.122784088101328e-05,-0.259417528863713,Stocks all (1D)
OMC,-0.00026089507814583304,-2.057769210459847,-0.00017536814671922473,-1.2977345238776052,Stocks all (1D)
ON,-0.00031550411986469633,-1.5373775720802165,-0.00022879048125762065,-1.0864120697158954,Stocks all (1D)
ORCL,-6.863849026815233e-05,-0.39809849558291727,-3.369557752997276e-05,-0.19747352679737756,Stocks all (1D)
ORLY,0.00043322196089252144,3.0134707202300417,0.0004115262561931604,2.661138158961336,Stocks all (1D)
OTIS,-7.015729020814591e-05,-0.4211504571555911,-8.191237531692261e-05,-0.4824253846986674,Stocks all (1D)
OXY,-4.239599789170923e-06,-0.025304653737776104,-5.9137577520649616e-05,-0.32626908461879395,Stocks all (1D)
PANW,-1.863629434313993e-05,-0.08536094960682268,-8.484383073777347e-06,-0.039161044066466366,Stocks all (1D)
PAYC,0.00021246516298446697,1.0141754919338863,0.00022120938206276388,1.0195774941132711,Stocks all (1D)
PAYX,-0.00019538909507713466,-1.715437193538664,-0.00020886250523817682,-1.616411576732133,Stocks all (1D)
PBCT,-0.00024786352121093533,-1.6994445920913317,-0.00019080635444243446,-1.22637345389386,Stocks all (1D)
PBI,6.303558368837577e-05,0.2758348774584491,6.948503809438111e-05,0.2984414307060414,Stocks all (1D)
PCAR,-0.0001235661029433286,-0.9411381454004404,-6.213970893535044e-05,-0.4651173414296507,Stocks all (1D)
PCG,-0.00043150931134449083,-1.8048214087492433,-0.00038089558242633835,-1.5127689707844358,Stocks all (1D)
PCH,-0.00020114131513130864,-1.1583484345367512,-0.00011537062742119394,-0.6522881606353946,Stocks all (1D)
PDCO,-8.773069038759127e-05,-0.6479983434469628,2.5938629282148415e-05,0.19327936922177844,Stocks all (1D)
PEG,-9.987653685170706e-07,-0.009042846087609276,5.31206485663332e-05,0.5213871213615715,Stocks all (1D)
PENN,0.00012967199121745294,0.5479979920904486,2.0550082791313008e-05,0.07877125727461516,Stocks all (1D)
PEP,-9.456228803880921e-05,-1.1285927481174012,-4.965782858087804e-05,-0.5460053851919621,Stocks all (1D)
PETM-201503,5.620287953911556e-05,0.2323582709913903,-3.15428452996152e-05,-0.12037869604380573,Stocks all (1D)
PFE,-4.541042632617353e-05,-0.3877236186505859,1.1109591538629667e-05,0.09464081662633354,Stocks all (1D)
PFG,-0.0003149591279898119,-2.3001337949138865,-0.00025067837622339136,-1.6861569323724195,Stocks all (1D)
PG,2.392678598644358e-05,0.3005845781917429,3.131493231429738e-05,0.3616915368784335,Stocks all (1D)
PGR,0.00011555674907291233,0.899098579047571,0.00014264329320213127,1.1558492800919187,Stocks all (1D)
PH,-0.0002405812284559881,-1.4972821100364408,-0.00023647593537738358,-1.3410449626810221,Stocks all (1D)
PHM,-0.00020893151576621713,-0.8156618466835127,-0.00017589148545431847,-0.6801917578206215,Stocks all (1D)
PICK,-0.00012977405253821107,-1.020397693834774,-0.00012345501219560807,-0.9649102799459822,Stocks all (1D)
PKG,-0.00019215574371259984,-1.6004437471203057,-0.00019822787673069042,-1.644256066541025,Stocks all (1D)
PLD,-7.583471732576945e-05,-0.4926196723407166,-2.7395316395157596e-05,-0.17209564850664727,Stocks all (1D)
PLTR,0.00038435348465588344,0.6875587389450745,0.0002208501690377948,0.39869213091923805,Stocks all (1D)
PM,-2.0719314715679342e-05,-0.1868427738939518,-2.8782876292674494e-05,-0.26007258584174375,Stocks all (1D)
PNC,-0.0002915986787358157,-2.048651767613879,-0.00032685440653590017,-1.9925691140897044,Stocks all (1D)
PNR,-0.00028855239731752976,-2.0688351262488287,-0.0003420893192805026,-2.1888969288336524,Stocks all (1D)
PNW,-4.434673424218184e-05,-0.4191012274766615,-1.9818328708797316e-05,-0.18115854018585592,Stocks all (1D)
PODD,0.00016327208043079048,0.9084368971171182,0.00016193373995236214,0.8866682864442723,Stocks all (1D)
POOL,-3.73643465964356e-05,-0.24161668717560386,6.98817398553921e-05,0.4250834229881659,Stocks all (1D)
POWR,-0.00016776195746128695,-1.3602258779446463,-0.00017225525589909104,-1.4122087592085946,Stocks all (1D)
PPG,-0.00033078237472401116,-2.7325755054378162,-0.000311749127470491,-2.320231501011368,Stocks all (1D)
PPL,-5.13954540395665e-05,-0.4960782527784449,-1.3583912027524244e-05,-0.12619330560949207,Stocks all (1D)
PRGO,-0.00016576807447846447,-0.9149745390075537,-7.769117166647898e-05,-0.45893374941072773,Stocks all (1D)
PRU,-0.0003335566664509815,-2.358924092392906,-0.00029637328027325074,-1.9253106241238538,Stocks all (1D)
PSA,7.969365291467958e-05,0.6127560757455077,0.0001225422007933204,0.9843380577372387,Stocks all (1D)
PSKY,-0.00011315262859569911,-0.4524581594313836,-0.00013394509743191982,-0.48780456087951907,Stocks all (1D)
PSX,-0.00029475184821597093,-1.368616009015488,-0.00029822073968378176,-1.335522067958685,Stocks all (1D)
PTC,-6.154574672839076e-05,-0.311353897820323,-4.6342513948740355e-05,-0.22558662004013824,Stocks all (1D)
PVH,-0.000328374124422006,-1.6147645691131538,-0.0002704582554020556,-1.1583832585012275,Stocks all (1D)
PWR,-0.00021271686091147286,-1.4753656928139531,-0.000229591231710796,-1.4318763383138045,Stocks all (1D)
PX-201810,-0.00017313685835407556,-1.2888862163714154,-6.198689206089474e-05,-0.489647529541969,Stocks all (1D)
PXD,-0.00036907142189179136,-2.007332590586062,-0.000333041946558957,-1.6649234065820275,Stocks all (1D)
PYPL,0.0002803670759505327,1.2884718721408364,0.00034927840893931575,1.5800640087368094,Stocks all (1D)
QCOM,-0.00034256801292327206,-2.221428741846615,-0.00033430302981963915,-2.144226723625606,Stocks all (1D)
QEP,0.00041074266494899075,1.085008954713145,0.0001071944927088311,0.2348779771147476,Stocks all (1D)
QQQ,-0.00015425643025578502,-1.4359922454596863,-0.00017735207185472798,-1.5053628423413978,Stocks all (1D)
QRVO,-7.99614279927636e-05,-0.5031973364572918,-7.993851027624974e-05,-0.4643670704581712,Stocks all (1D)
R,-0.00023133689977362695,-1.3023684863611245,-0.00022017662278467145,-1.227830652337861,Stocks all (1D)
RAI-201707,9.223597925636346e-05,0.7351344097841781,0.00010092979448737396,0.8203982882880225,Stocks all (1D)
RCL,-0.000408780561986022,-1.8034609087813895,-0.000517932792779829,-1.8738020286510044,Stocks all (1D)
RDC,-0.00025289138842725123,-1.0325869703051447,-0.00026505291469051896,-1.0017194088525,Stocks all (1D)
REET,-0.0001742012621686613,-1.5303357782774554,-0.00016488341430711135,-1.4067100432950632,Stocks all (1D)
REG,-2.312162793279571e-05,-0.1523261486171232,-3.34757403584241e-05,-0.21510284084777256,Stocks all (1D)
REGN,0.00014352828399211357,0.78890337608793,0.0001593245164676368,0.8767443064531109,Stocks all (1D)
REM,-0.00030295692832883525,-2.0141202754059755,-0.00032176819835736986,-2.211602087426387,Stocks all (1D)
REZ,-2.174912495630747e-05,-0.16463937837736398,-5.549806981228617e-05,-0.44241051314212765,Stocks all (1D)
RF,-0.0003720746359937738,-2.332842807694668,-0.00038252271809211506,-2.078014737031368,Stocks all (1D)
RHI,-0.0002608337480341463,-1.616132028287125,-0.0002779290440327956,-1.6510650130471283,Stocks all (1D)
RHT,-3.718033666273376e-05,-0.16346634895403853,7.791355108753735e-05,0.3193506187344428,Stocks all (1D)
RIG,-1.4139980431986555e-05,-0.050633116446907496,-0.00015423209533116012,-0.5392537160331328,Stocks all (1D)
RING,-0.00014236566139922194,-0.9088067411542681,-0.0001821995869992367,-1.04294758175982,Stocks all (1D)
RJF,-0.0003881910643205889,-2.3231614608373965,-0.000430540491009408,-2.46880477016076,Stocks all (1D)
RL,-0.00011129084361689304,-0.65686497341405,-0.00010399490873788488,-0.6385588221188048,Stocks all (1D)
RMD,-1.0247749059921724e-05,-0.06375161779752955,1.4515694340376676e-05,0.08959889074145815,Stocks all (1D)
ROK,-0.000190161835234166,-1.2269064207298805,-0.00019058329341155254,-1.1806208510299914,Stocks all (1D)
ROL,2.4715394430106425e-05,0.21018389261022635,7.409623636362159e-05,0.6387502047076653,Stocks all (1D)
ROP,-9.198826139220258e-05,-0.8248288653533432,-3.632141923088639e-05,-0.3158119975424756,Stocks all (1D)
ROST,4.925122913786584e-05,0.3622616647638039,3.198127420623022e-05,0.21327690823164513,Stocks all (1D)
RRC,-8.195500655799865e-05,-0.28373422100141893,-4.408933624491779e-05,-0.15378100191515134,Stocks all (1D)
RRD,6.035841516459061e-05,0.1761004796397257,-0.00010127250292219967,-0.268108299198416,Stocks all (1D)
RSG,-8.603372812175185e-05,-0.8454121251561637,-5.211696144861375e-05,-0.4982714359126975,Stocks all (1D)
RSP,-0.00019245705889482523,-2.4204140178449243,-0.00021766784974718852,-2.319810527247405,Stocks all (1D)
RTN,-0.0004286461899861335,-2.870773467006396,-0.0005021697102343922,-2.4730437491309645,Stocks all (1D)
RTX,-6.815181466345557e-05,-0.5924115552794046,-0.0001291796279356184,-0.902738224778582,Stocks all (1D)
RVTY,-9.161493753814864e-05,-0.6350059992415898,-9.487629489640245e-05,-0.6430219621524456,Stocks all (1D)
RXI,-0.00013474391896576123,-1.2143612695702246,-0.0001592932638974773,-1.348620299209878,Stocks all (1D)
SANM,-0.0002434798718500462,-1.1894285905828592,-0.00016360073450163404,-0.811275018603511,Stocks all (1D)
SAPE-201502,-0.00016184535298287205,-0.33216895235337895,-0.00031974280568847517,-0.7147764419477137,Stocks all (1D)
SBAC,-9.253499575542022e-05,-0.6771807097978955,-3.9730837454664854e-05,-0.2929013631510272,Stocks all (1D)
SBUX,1.2084133201385011e-05,0.09584150136011517,-5.725624956310777e-06,-0.04365668873065055,Stocks all (1D)
SCG-201812,0.00011023175692509593,0.8819642345420534,0.00010978535553076964,0.844960575896011,Stocks all (1D)
SCHW,-0.00040934628005920054,-2.5858263088164475,-0.0003782651871789388,-2.198513955179874,Stocks all (1D)
SCI,-4.426342913168308e-05,-0.34188411778769273,1.2289820231076836e-05,0.09023447692150424,Stocks all (1D)
SEDG,-4.8818548195100566e-05,-0.16138551012569935,4.268332741068538e-06,0.013634594774514832,Stocks all (1D)
SEE,-0.0001560849106105032,-0.8626169779669352,-0.00017041444517565372,-0.9170235989936599,Stocks all (1D)
SHW,-6.656673109754614e-05,-0.5511876671439753,-9.827942818200113e-05,-0.7185045245295477,Stocks all (1D)
SHY,-1.4295649781160725e-05,-3.079491855948503,-1.7493309312508864e-05,-4.3259606075699315,Stocks all (1D)
SIAL-201511,-0.0002076821129495886,-1.107760169028514,7.181886737567779e-05,0.3645865318060972,Stocks all (1D)
SIG,-0.0003662156082676338,-1.4354131161841186,-0.00036780751103907564,-1.2678773507722174,Stocks all (1D)
SIVB,-0.0006294300238743141,-1.780521825321786,-0.0006920359849967114,-1.7763380362888261,Stocks all (1D)
SJM,-1.0648844883721357e-05,-0.10471710246197893,2.0654669740342052e-05,0.20795536561142697,Stocks all (1D)
SLB,-0.000258179637804636,-1.4472405666748982,-0.00022918400367388038,-1.1807714730579972,Stocks all (1D)
SLG,-0.0003446040556418012,-1.564419666146304,-0.0003016958091981691,-1.3894929632458761,Stocks all (1D)
SLM,-0.0003922032999094322,-2.0652207744796427,-0.0003303786696072971,-1.7549074906281887,Stocks all (1D)
SLV,-0.00020740049284926493,-1.2866989241657443,-0.0002180865522247879,-1.2603857648055468,Stocks all (1D)
SLVP,-9.757427546694251e-05,-0.6016970207670739,-0.00011105544467502627,-0.6411538502034111,Stocks all (1D)
SMCI,-0.00021043078012532524,-0.762164125274213,-0.00020594136953495663,-0.7556017892692927,Stocks all (1D)
SNA,-0.00023046843972920571,-1.9146894714008909,-0.00017968259269191236,-1.2599328403778738,Stocks all (1D)
SNI-201803,-0.00015496650716359064,-1.0236921186087897,-0.00011317205608189261,-0.6905547310665273,Stocks all (1D)
SNPS,-1.9226178888669294e-06,-0.012706804407318062,5.281069536929703e-05,0.3331986352916046,Stocks all (1D)
SNV,-0.00020930986382007458,-0.9725363114147308,-0.0002606004797442138,-1.0675139692380091,Stocks all (1D)
SO,0.0001152259458684582,1.3093092370012536,0.00013054909135931363,1.554259202872947,Stocks all (1D)
SOXX,-8.695590456582326e-05,-0.5720162457767575,-0.00011681967428624608,-0.7317668357487624,Stocks all (1D)
SPG,-0.00021188332270947636,-1.0662802705087835,-0.00018094862383106656,-0.7385652887077292,Stocks all (1D)
SPGI,-0.00040086067396125156,-3.1665155820702444,-0.00038805567860326527,-2.850048476513939,Stocks all (1D)
SPY,-0.00026781473195598677,-3.1201935694130394,-0.0002940365802053516,-2.938485356594449,Stocks all (1D)
SRCL,8.663696680193022e-05,0.5916910386349248,0.0001091115148158596,0.7108522093080832,Stocks all (1D)
SRE,-7.336432915550924e-05,-0.6419717416966095,-5.1588851250835325e-05,-0.47485612102304103,Stocks all (1D)
SSP,-0.0001494481559621876,-0.5411862246119942,-0.00011037972592384348,-0.3796257287417353,Stocks all (1D)
STE,4.851150242275743e-06,0.03647130278688324,5.628217591543985e-05,0.42107451238423593,Stocks all (1D)
STJ-201701,-0.000285685229735855,-1.0307706751138215,-0.0004622295499673736,-1.4768643384542774,Stocks all (1D)
STLD,-0.0003833425075702689,-2.168166864084111,-0.00036725966027863346,-1.8822882781684653,Stocks all (1D)
STT,-0.0004411591156903277,-2.547693634749922,-0.00041875900682394337,-2.2511861815596435,Stocks all (1D)
STX,8.907941851101873e-05,0.3928970058417231,3.6610519310216984e-05,0.15566673388281266,Stocks all (1D)
STZ,-0.00023199660714553954,-1.247185383914311,-0.00019825327670902867,-1.11095859928002,Stocks all (1D)
SVU,-0.0002485432505289577,-0.6187558694142228,-0.000138709239404151,-0.33987412171100817,Stocks all (1D)
SWK,-0.00023030279834027113,-1.3249435460047496,-0.000198727594778901,-1.0988947211650706,Stocks all (1D)
SWKS,-6.431855744064325e-05,-0.27459058710064443,-0.00012402651019796852,-0.5067268311935129,Stocks all (1D)
SWN,0.00015668732155653823,0.6396249380613994,0.00021464057308747252,0.8750235889401342,Stocks all (1D)
SWY-201501,0.00020960409539438408,0.6832617377004263,0.00016417451836496158,0.5180665241797467,Stocks all (1D)
SYF,-0.00026266376219533967,-1.2468423165195943,-0.0003237160850744093,-1.3427814897256318,Stocks all (1D)
SYK,-0.0001260241514271356,-0.9442901245735291,-4.241480629683132e-05,-0.32035088590751687,Stocks all (1D)
SYY,-6.88125722635571e-05,-0.6307031802589739,-5.699139839870059e-05,-0.40656580334757425,Stocks all (1D)
T,3.068932616345066e-05,0.26652574505682913,2.4674325624324597e-05,0.20794447262256358,Stocks all (1D)
TAP,-0.0002371062673702615,-1.9297284238385193,-0.00013511491054813126,-1.044947907733447,Stocks all (1D)
TDC,-0.0003394965650663153,-1.8893533535967784,-0.0002232051106922523,-1.256245027576824,Stocks all (1D)
TDG,-2.107932203014454e-05,-0.13559327962065293,2.823164445287123e-05,0.17680744003118004,Stocks all (1D)
TDY,-0.00022548403101247132,-1.9510016096101344,-0.00014602927411838353,-1.2236087431214386,Stocks all (1D)
TECB,-0.00035305125510194885,-2.013805416398652,-0.000351386539475351,-1.6293772431475189,Stocks all (1D)
TECH,-0.00013480835546675462,-0.8303740889146477,-7.00153635541982e-05,-0.4326669745453648,Stocks all (1D)
TEG-201506,5.908698201786408e-05,0.22024864944546302,0.00019135663454782108,0.7393781236213495,Stocks all (1D)
TEL,-0.00016836531546549738,-1.144048787743685,-0.0001962677701100209,-1.3361035311591491,Stocks all (1D)
TEN,0.0001962213319793127,0.8971300593433312,0.00025805952961900034,1.1986514865867974,Stocks all (1D)
TER,-0.00037937292048608644,-2.0674663146293812,-0.00040846385027592185,-2.1161676476305935,Stocks all (1D)
TEX,-0.00022675341308869696,-0.9219010200348849,-0.00020672720001399162,-0.7709202769147966,Stocks all (1D)
TFC,-0.000445129818816977,-3.1528935200198847,-0.0003915994412714577,-2.3391808332368393,Stocks all (1D)
TFX,-8.047217575617105e-05,-0.5133317546341205,-4.679164385687886e-05,-0.2708112375684694,Stocks all (1D)
TGNA,-0.0003572189994861725,-2.0026491873144643,-0.0002994350522153201,-1.7007545772668216,Stocks all (1D)
TGT,7.575377419472994e-05,0.49273000808339174,2.1212007100763357e-05,0.13144701585759877,Stocks all (1D)
THC,-0.00010374983913031582,-0.3620185249044767,-0.0001492616664716949,-0.4878781162637336,Stocks all (1D)
TIE-201301,0.00014102641473808354,0.5998952747032333,0.0001389668518347231,0.4743817294465767,Stocks all (1D)
TIF,-8.40011093161664e-06,-0.04205098417128674,-3.102879136573231e-05,-0.14806557706713736,Stocks all (1D)
TIP,-5.294832430351494e-05,-3.267120153150383,-4.934108254466215e-05,-3.138611746750441,Stocks all (1D)
TJX,-7.613583048097898e-06,-0.06430380663274762,2.5756180741287654e-05,0.21342675934220096,Stocks all (1D)
TKO,-0.00014994732445766803,-0.7431494085527622,-0.00019573261889454266,-0.8818088845069374,Stocks all (1D)
TKR,-6.27202382846276e-05,-0.3235894431908647,-3.601264949397593e-05,-0.17856748228669173,Stocks all (1D)
TLT,1.0359550483187232e-05,0.20750410349264473,3.902204636927064e-07,0.007871486016587485,Stocks all (1D)
TMO,-0.00014962035352369176,-1.4343951248502147,-0.0001501501119800306,-1.3274590882515518,Stocks all (1D)
TMUS,8.808466584887877e-05,0.6658670387259394,0.00010006716613711718,0.7557903453227668,Stocks all (1D)
TPL,0.0002468534971621421,1.15337144781216,8.763777979823262e-05,0.36515187501462826,Stocks all (1D)
TPR,-0.00024914941527299426,-1.3516527524891446,-0.0002275220180657339,-1.2325680933153347,Stocks all (1D)
TRGP,4.586886255302979e-05,0.21332071917829254,-6.949653517663216e-05,-0.30221347949261784,Stocks all (1D)
TRIP,-7.623881027998757e-05,-0.3499911109527178,-8.012856328031684e-05,-0.36567165502401816,Stocks all (1D)
TRMB,-0.0002840506649937352,-1.5762889790394397,-0.00030951908786710825,-1.6659609484747733,Stocks all (1D)
TROW,-0.0003964639036387784,-2.8495036029603424,-0.00037401711533013605,-2.7056209275708647,Stocks all (1D)
TRV,-0.0001580411827226428,-1.5453871112235984,-0.0001567417940633495,-1.2250172204407657,Stocks all (1D)
TSCO,0.0003279084267023613,2.4976762430390957,0.00031772395797009605,2.390302802531168,Stocks all (1D)
TSLA,-5.930767261439073e-05,-0.21403418840503954,-4.874199494628298e-05,-0.1718343265207565,Stocks all (1D)
TSN,-3.865402726248886e-05,-0.23940416684648144,-6.000763431084992e-05,-0.3276362675665536,Stocks all (1D)
TSS,6.761625818388744e-06,0.04379353407099378,-1.7513040274702372e-05,-0.11339350293712955,Stocks all (1D)
TT,-0.0001861370841999106,-1.2264915714057572,-0.00018105924957708306,-1.1459753810117326,Stocks all (1D)
TTD,0.0005977266687292134,1.722225004929103,0.0007697902860607478,2.0368455345990624,Stocks all (1D)
TTWO,7.606382131631652e-07,0.0047191698825292,2.5101483119228283e-05,0.15600307745236652,Stocks all (1D)
TWC-201605,-0.0002921434441334775,-1.8820916328742507,-0.00022427301765496921,-1.4480056902692926,Stocks all (1D)
TWTR,-0.000292849281787224,-1.1014066007840229,-0.00035164282934641456,-1.2672125604470843,Stocks all (1D)
TWX-201806,-0.00031383878896178527,-1.2926506091841117,-0.00030320834912010285,-1.2819021664426198,Stocks all (1D)
TXN,-0.00013458554363552112,-1.005944304782723,-0.0001604125892546268,-1.1988189272901908,Stocks all (1D)
TXT,-0.00036622389251457515,-2.134169743930276,-0.0003055362232183616,-1.6554358087293577,Stocks all (1D)
TYL,4.240152215266871e-05,0.24212189284969465,4.237943218933313e-05,0.24289612418814346,Stocks all (1D)
UA,-0.00020385079373258624,-0.7032468873156363,-0.00026773246060799816,-0.9793402440547323,Stocks all (1D)
UAA,-2.9528594326077734e-05,-0.12341311145782055,-1.7897036732636818e-05,-0.07390291497875538,Stocks all (1D)
UAL,-0.0001330464190711883,-0.617347408968868,-0.00016386663250864562,-0.7761524468702845,Stocks all (1D)
UBER,-0.0006562399409915053,-1.9600057833144677,-0.0005619312434155068,-1.7271402569040954,Stocks all (1D)
UDR,-0.0001816138883768199,-1.2136422438115275,-0.00010539305030759709,-0.77422832383039,Stocks all (1D)
UHS,-0.00010401695817367953,-0.6218794401033377,-0.0001121064815262227,-0.6391536239900977,Stocks all (1D)
UIS,-0.00042859142842859233,-1.4254327542255902,-0.0004217600499603236,-1.3262470413997125,Stocks all (1D)
ULTA,5.531932532775627e-05,0.2505165837712817,1.8283496388291248e-07,0.0007857346531686711,Stocks all (1D)
UNH,2.832545421641305e-05,0.2455208603716142,4.027013671212773e-05,0.3102507585034068,Stocks all (1D)
UNM,-0.00021126069423335665,-1.189714785084085,-0.00018278012799624344,-0.9615809921244509,Stocks all (1D)
UNP,-0.00014512432544212383,-1.3812078109308974,-6.873537534945594e-05,-0.6131410900424225,Stocks all (1D)
UPS,1.797959856047712e-05,0.16646589403989917,7.521626240790879e-05,0.7081283009588463,Stocks all (1D)
URBN,-0.0005219340672446531,-2.9131342910012217,-0.0004816335616035475,-2.330910560344271,Stocks all (1D)
URI,-0.00021985734306722313,-1.0673961598829338,-0.000275394193604403,-1.2415299148096952,Stocks all (1D)
USB,-0.00040620119248048833,-3.507405311396245,-0.00035931164642918423,-2.655560271892901,Stocks all (1D)
USRT,-0.00012357014043393313,-1.0071664614029046,-0.00012977016184275588,-1.0510940398737503,Stocks all (1D)
V,0.00026263461622094366,2.5219626084177014,0.0002206635354908479,2.218557331682939,Stocks all (1D)
VAR,-0.00029039811573720837,-1.8288888261392913,-0.00024232824292527515,-1.5082029452307522,Stocks all (1D)
VEEV,0.00020624234707701717,1.305106914502734,0.00019798326347015676,1.1883742194334126,Stocks all (1D)
VEGI,-0.00012335895699177313,-1.1473916275433083,-0.00011269253348651993,-1.0837010984523787,Stocks all (1D)
VEU,-0.00019635333802393032,-2.191023414682587,-0.00016441039726780468,-1.7296259248297576,Stocks all (1D)
VFC,-3.128347726472048e-05,-0.15401823990743277,-5.981229318413534e-05,-0.3007075622874097,Stocks all (1D)
VIAB,-0.0002587000708969303,-1.5612943827992998,-1.6774925452937268e-05,-0.09210695835377776,Stocks all (1D)
VIAV,-0.0002603568174530265,-1.1033894732713048,-0.00026685933033287573,-1.1160033040767354,Stocks all (1D)
VICI,-0.00018823994189752329,-0.7570483465921044,-0.00015531263178275372,-0.5792122626770287,Stocks all (1D)
VLO,-0.00025308860875196854,-1.1871939140067338,-0.0003134065645122726,-1.31295572053177,Stocks all (1D)
VMC,-0.0001922497071817812,-1.1388582830342728,-0.0001467177562571597,-0.8430719110696909,Stocks all (1D)
VMRK,-0.0001041317324208594,-0.8093015879573549,-5.361892403022724e-05,-0.39974840028529895,Stocks all (1D)
VNO,-0.000328127778515608,-1.7922438713122404,-0.0003192107790255641,-1.7069809402612042,Stocks all (1D)
VNQ,-0.00021551027976210734,-1.8746856873468773,-0.0002204884519560643,-1.805315378214779,Stocks all (1D)
VNT,-0.00019922151374445173,-0.7991932975508815,-0.00024254392499580737,-0.906930079063229,Stocks all (1D)
VOO,-0.00020867321221873232,-1.9765869103784797,-0.00016958172280934287,-1.5403892488230848,Stocks all (1D)
VRSK,0.00012171778444623936,1.0811777658524189,0.00013937846578347319,1.2455049668715406,Stocks all (1D)
VRSN,-6.949619344336419e-05,-0.4634506381849191,-6.965236774610534e-05,-0.4861501904212699,Stocks all (1D)
VRT,0.000380688499868864,1.0669477315019424,0.00043776641899943684,1.1958294276055528,Stocks all (1D)
VRTX,7.722674338493806e-05,0.40171655450411126,0.00017244003091162883,0.9191550605800775,Stocks all (1D)
VST,0.00031280554316165366,1.405295826787334,0.0003204365445072016,1.4325054832049473,Stocks all (1D)
VTI,-0.00023452459896969508,-2.930234316848652,-0.0002630770610516186,-2.8349455162525383,Stocks all (1D)
VTR,-4.0440889559776656e-05,-0.2836614223190758,-7.772481886635625e-05,-0.46338570775554067,Stocks all (1D)
VTRS,-0.0002781296135850816,-1.6022694828802617,-0.0002318071224937801,-1.3332081791564578,Stocks all (1D)
VTSS-201504,-0.0005845417569329772,-1.0231644718255946,-0.0007820042133486118,-1.2863142148072504,Stocks all (1D)
VWO,-0.0002137640277163105,-2.2199079817947505,-0.0001860157977148379,-1.840885682086975,Stocks all (1D)
VZ,1.6762813437330853e-05,0.16077535996256062,5.778267606596865e-05,0.5836491445274555,Stocks all (1D)
WAB,-0.00021643585506145928,-1.615265070486172,-0.0001559639669561686,-1.1411011005903742,Stocks all (1D)
WAT,-6.820667047302331e-05,-0.4710833570928591,-4.220379479288925e-05,-0.2932611429272609,Stocks all (1D)
WBA,-0.00016920004623206835,-1.1439908298680845,-9.6598449078798e-05,-0.6487415210044964,Stocks all (1D)
WBD,5.2492193983403544e-05,0.26275647675830277,6.090085039784805e-05,0.30425939836282095,Stocks all (1D)
WCG,0.0002894972840369489,1.6047491199070945,0.00023836296935949983,1.3040115553194627,Stocks all (1D)
WDAY,-4.144012424819314e-05,-0.2607153730411217,-3.494413929254262e-05,-0.220176274129378,Stocks all (1D)
WDC,-0.00042486228725156994,-1.7015794854662694,-0.0004872649021873498,-1.8408531580359928,Stocks all (1D)
WEC,8.917964248616393e-05,1.127581206168693,6.4385327369102e-05,0.753081094003795,Stocks all (1D)
WELL,-2.249987986568213e-05,-0.14698081223396992,-9.314778547736286e-05,-0.4864197736133897,Stocks all (1D)
WFC,-0.00038899567131008407,-2.6711744490015814,-0.0003709172870393185,-2.205134473812864,Stocks all (1D)
WFM-201708,-0.00028524199217320475,-1.2193059256958259,-0.00021110985859612954,-0.8722509136436197,Stocks all (1D)
WHR,-0.00021044896445185005,-1.003000049974661,-0.0001543041546354745,-0.7230576338014821,Stocks all (1D)
WM,2.712916658708959e-05,0.2475666273013814,3.06395246723573e-05,0.2643637795945159,Stocks all (1D)
WMB,-6.852246534459999e-07,-0.004017064596409242,1.0056186089270407e-05,0.05302856428886902,Stocks all (1D)
WMT,4.7992541852404976e-05,0.4454904084976566,7.756117826414536e-05,0.689761729849898,Stocks all (1D)
WOOD,-0.0002155317750261378,-2.0384892412730964,-0.00017211277747586,-1.6096454091701855,Stocks all (1D)
WOR,-0.0004930985396158818,-2.4531008177647484,-0.00039659512544771387,-1.9447292338667954,Stocks all (1D)
WPX,-0.00011504925687989138,-0.3598428625904615,-0.00012192628371045277,-0.37638532465210184,Stocks all (1D)
WRB,-0.0001090656214663179,-1.1199064974859871,-9.626373760449796e-05,-0.8611955474135002,Stocks all (1D)
WSM,-0.00024690942623194965,-1.0863320168833637,-0.00019903611526804984,-0.8471337873301273,Stocks all (1D)
WST,-8.447694137166295e-05,-0.49860053145706357,-0.00012901786676270045,-0.7506581166617075,Stocks all (1D)
WTW,-3.1125980083524305e-05,-0.21627254815177865,-2.317410998051837e-05,-0.19097036169969084,Stocks all (1D)
WU,1.0504421298837857e-05,0.07848142810425558,2.996381853844031e-05,0.26011243897281194,Stocks all (1D)
WY,-0.0003397946251887898,-2.0320892752826385,-0.0003052264897155051,-1.8055643407212205,Stocks all (1D)
WYND,-1.550155590472404e-05,-0.08612876779501474,0.000105439884349741,0.45301743689325946,Stocks all (1D)
WYNN,-2.5194449877156696e-05,-0.13292387607345799,3.891534728271741e-06,0.01945175155513335,Stocks all (1D)
X,-0.00010776083618119962,-0.37664984608799174,-0.00016710544904127107,-0.5602007994975705,Stocks all (1D)
XEC,0.000189613853788293,0.7668025891016537,0.00010928616650004385,0.4373693943160588,Stocks all (1D)
XEL,6.208360825563447e-05,0.6274769563911508,4.7326269529927884e-05,0.45680601779607494,Stocks all (1D)
XL-201809,-3.9415081521995156e-05,-0.1964744248417974,-7.440852598439942e-05,-0.4006214388085352,Stocks all (1D)
XLB,-0.00028522143151815725,-3.1054087039915155,-0.00021230875336109811,-2.150731621144498,Stocks all (1D)
XLC,-0.00018137660523786264,-1.0771146922559554,-0.00010854888710186303,-0.6006625597621759,Stocks all (1D)
XLE,-0.0002813890836501922,-2.161559204352808,-0.0002684718705826389,-1.7795560894717264,Stocks all (1D)
XLF,-0.00029997974890788825,-3.073053169374953,-0.0003007996292396064,-2.4970172200977006,Stocks all (1D)
XLI,-0.00025378388747352635,-2.9084810669397916,-0.0002667839869080353,-2.674758784816708,Stocks all (1D)
XLK,-0.00014651499546786253,-1.1531552055567738,-0.00016612312226593897,-1.2109601761426678,Stocks all (1D)
XLNX,-0.000199283138727766,-1.1523943288564118,-0.000133656860604397,-0.7290877875656031,Stocks all (1D)
XLP,-0.0001036971001317348,-1.59771920533881,-5.454764943853445e-05,-0.7736982924628882,Stocks all (1D)
XLRE,-5.6500467398052565e-05,-0.38036095071589876,-6.972052793825666e-05,-0.4989071753971264,Stocks all (1D)
XLU,-2.7119835004405598e-05,-0.3007175995499344,1.6213453606230098e-05,0.18758738992994856,Stocks all (1D)
XLV,-7.535392491408896e-05,-0.9907116934471863,-6.78663352311713e-05,-0.8864698931353742,Stocks all (1D)
XLY,-0.0001482516993373219,-1.4596537254302329,-0.00015945716708613388,-1.4770548629594467,Stocks all (1D)
XOM,-0.000298291774794344,-2.345202271354912,-0.00026428349816037534,-1.877331152483277,Stocks all (1D)
XRAY,6.861053248431804e-05,0.4199348369706213,7.418564287525998e-05,0.4514525718939489,Stocks all (1D)
XRX,-3.0263963126978213e-05,-0.1430276336591951,1.2813579803038013e-05,0.06069670449848459,Stocks all (1D)
XT,-0.00024064368862458186,-1.922935072278403,-0.00020649210948688003,-1.4685631652411755,Stocks all (1D)
XYL,-1.0014902644649678e-05,-0.07688266726220903,-4.190893975637611e-05,-0.3104289846323026,Stocks all (1D)
XYZ,-3.625264052746516e-07,-0.0011436781325962256,0.00020568510836962094,0.585561516390427,Stocks all (1D)
YUM,-3.6645478817676154e-05,-0.3421766553949282,1.0926628335809495e-05,0.09668243564508776,Stocks all (1D)
ZBH,-3.895755095194837e-05,-0.26818123892112594,1.791401037003201e-05,0.12661225526949577,Stocks all (1D)
ZBRA,-0.000136276401026074,-0.7332032547273696,-0.00023288754815667831,-1.1396947603353387,Stocks all (1D)
ZION,-0.00024207378146035976,-1.402236466158928,-0.0002524396119680763,-1.3956365889147673,Stocks all (1D)
ZTS,0.00013149311504392572,1.0182766033594794,0.0001817788700721288,1.1340021812718268,Stocks all (1D)
AAPL,1.9822431087081018e-05,0.13525873913889622,-0.00012107240308781201,-0.7822072911466882,Stocks top-50 A (1D)
ABBV,0.00014484617244167852,1.1588063658558811,0.00013161620314068852,1.040721138097463,Stocks top-50 A (1D)
ABT,-3.88924415200192e-05,-0.34461937589219094,-4.7200597030305235e-05,-0.39657453347546656,Stocks top-50 A (1D)
ACN,-6.088755986707143e-05,-0.4326830803467067,-4.474032357428187e-05,-0.2865941625872489,Stocks top-50 A (1D)
ADBE,-0.00010460737647452805,-0.6263048179361529,-5.469863471822177e-05,-0.31089863143628854,Stocks top-50 A (1D)
AMD,5.369713546850447e-05,0.17176276584258623,0.00015332308414433882,0.4445315373847692,Stocks top-50 A (1D)
AMGN,2.068778034994543e-05,0.15266371754035418,3.503212505103675e-05,0.28397452135496015,Stocks top-50 A (1D)
AMZN,-0.00017751815832050622,-1.0697721783420955,-0.0001694143752135026,-1.0411374470609187,Stocks top-50 A (1D)
AVGO,-0.00031798529641176526,-1.2980472271497554,-0.0002609150911691572,-1.1356682503483801,Stocks top-50 A (1D)
BAC,-0.00036677495323729487,-2.175762075100569,-0.0004602785398754099,-2.3326974680327557,Stocks top-50 A (1D)
BRK-B,-9.426087964475101e-05,-1.0592994932680697,-9.226950291013788e-05,-0.924864427541523,Stocks top-50 A (1D)
CAT,-6.26807179602515e-05,-0.40131600660048594,-8.8546855222474e-05,-0.5382436398946743,Stocks top-50 A (1D)
COST,5.974296865993184e-05,0.4132466894250687,6.636418836913542e-05,0.47342794377121916,Stocks top-50 A (1D)
CRM,-0.0001045473225731298,-0.6368244186305406,-0.00010643685332492522,-0.6458164807201545,Stocks top-50 A (1D)
CSCO,-0.00010058988185309013,-0.732062494388574,-7.506419984784424e-05,-0.5043453975560062,Stocks top-50 A (1D)
CVX,-0.0002497941778092226,-1.9220437723942059,-0.0001745605678075057,-1.2287615142207602,Stocks top-50 A (1D)
DIS,-0.00018653078174410962,-1.3416328267240485,-0.0002570258644762067,-1.6981514418715011,Stocks top-50 A (1D)
GE,0.000175340491116376,1.0253530192272877,0.00015585462725238998,0.795211346071431,Stocks top-50 A (1D)
GOOGL,-0.0003057020415058394,-2.391441983647295,-0.0002959231178635626,-2.2263367838885837,Stocks top-50 A (1D)
GS,-0.0002704469354437028,-1.8854820783525408,-0.00033722831387609267,-1.9774425203960397,Stocks top-50 A (1D)
HD,-6.688002844052813e-05,-0.5342426323182494,-9.129261557656878e-05,-0.6397989975642168,Stocks top-50 A (1D)
IBM,-0.00021034540205026915,-1.7563304007137397,-0.00018322401137144074,-1.4882537302853127,Stocks top-50 A (1D)
INTU,-6.19327118577143e-05,-0.34429359943194504,-2.677993058732602e-05,-0.1511919851718838,Stocks top-50 A (1D)
JNJ,-6.023241692276867e-05,-0.7197174245592102,-1.4772838395964665e-05,-0.16115842517815135,Stocks top-50 A (1D)
JPM,-0.00037606988619251415,-2.7747580292865637,-0.0003911758461171556,-2.271152926407315,Stocks top-50 A (1D)
KO,8.385441978990144e-05,0.8943709429122634,0.0001045142400472726,1.1245771418309451,Stocks top-50 A (1D)
LIN,-0.0001344373426037242,-1.66410448158221,-8.677212465512218e-05,-1.0334470196196153,Stocks top-50 A (1D)
LLY,4.328115504291057e-05,0.24161767322823763,7.428459686178086e-05,0.44129621001285013,Stocks top-50 A (1D)
MA,0.00011331827332170316,0.9776769052933595,8.363148704034624e-05,0.7387452304540851,Stocks top-50 A (1D)
MCD,-2.553990708457606e-05,-0.3143030507016271,-1.3307818122427144e-05,-0.15929579727698237,Stocks top-50 A (1D)
META,0.00014250436096641846,0.6358905739480261,9.186030688358303e-05,0.37877643849028997,Stocks top-50 A (1D)
MRK,-0.0001020548015507011,-0.9401166005028052,-4.558132118472857e-05,-0.43868224313421383,Stocks top-50 A (1D)
MSFT,3.0232750667505957e-05,0.23827611946763294,2.9227295140590715e-05,0.2248075973455721,Stocks top-50 A (1D)
NFLX,7.333245238836097e-05,0.32887649412644104,4.645634231178553e-05,0.18469765824403592,Stocks top-50 A (1D)
NOW,0.0001253398901741839,0.5888722506515758,0.0001565386498125073,0.7432081180063436,Stocks top-50 A (1D)
NVDA,-0.00033904567224969835,-1.3477651888440612,-0.0003267990994309566,-1.3172916679163227,Stocks top-50 A (1D)
ORCL,-6.863849026815233e-05,-0.39809849558291727,-3.369557752997276e-05,-0.19747352679737756,Stocks top-50 A (1D)
PEP,-9.456228803880921e-05,-1.1285927481174012,-4.965782858087804e-05,-0.5460053851919621,Stocks top-50 A (1D)
PG,2.392678598644358e-05,0.3005845781917429,3.131493231429738e-05,0.3616915368784335,Stocks top-50 A (1D)
PM,-2.0719314715679342e-05,-0.1868427738939518,-2.8782876292674494e-05,-0.26007258584174375,Stocks top-50 A (1D)
QCOM,-0.00034256801292327206,-2.221428741846615,-0.00033430302981963915,-2.144226723625606,Stocks top-50 A (1D)
TMO,-0.00014962035352369176,-1.4343951248502147,-0.0001501501119800306,-1.3274590882515518,Stocks top-50 A (1D)
TSLA,-5.930767261439073e-05,-0.21403418840503954,-4.874199494628298e-05,-0.1718343265207565,Stocks top-50 A (1D)
TXN,-0.00013458554363552112,-1.005944304782723,-0.0001604125892546268,-1.1988189272901908,Stocks top-50 A (1D)
UNH,2.832545421641305e-05,0.2455208603716142,4.027013671212773e-05,0.3102507585034068,Stocks top-50 A (1D)
V,0.00026263461622094366,2.5219626084177014,0.0002206635354908479,2.218557331682939,Stocks top-50 A (1D)
VZ,1.6762813437330853e-05,0.16077535996256062,5.778267606596865e-05,0.5836491445274555,Stocks top-50 A (1D)
WFC,-0.00038899567131008407,-2.6711744490015814,-0.0003709172870393185,-2.205134473812864,Stocks top-50 A (1D)
WMT,4.7992541852404976e-05,0.4454904084976566,7.756117826414536e-05,0.689761729849898,Stocks top-50 A (1D)
XOM,-0.000298291774794344,-2.345202271354912,-0.00026428349816037534,-1.877331152483277,Stocks top-50 A (1D)
BTCUSDT,-1.4445378353801624e-05,-0.2035863519516465,-7.186050023320132e-05,-1.016612130094983,Crypto 4h
ETHUSDT,1.432159535191137e-05,0.1678964958026726,-4.263148499938105e-05,-0.4755655620323183,Crypto 4h
BNBUSDT,-6.0748205115163104e-05,-0.5979112140244391,-0.00011854302600201522,-0.9234296852611742,Crypto 4h
XRPUSDT,-5.4505835669451865e-05,-0.4350058147095159,-5.28591617762721e-05,-0.42400267853698576,Crypto 4h
ADAUSDT,3.238992223443249e-05,0.26958010769213425,-3.3136587207557274e-05,-0.2537488677593737,Crypto 4h
TRXUSDT,7.458585245153809e-05,0.8085402105594229,8.920653566918591e-05,1.070110495156618,Crypto 4h
DOGEUSDT,-8.353789803343183e-05,-0.5820334116452623,-0.0001989940696018141,-1.2168899584454616,Crypto 4h
ZECUSDT,0.00011885551114270278,0.818795249761344,7.329055588301114e-05,0.4875923735509693,Crypto 4h
BCHUSDT,2.644244213506003e-05,0.250094583937677,-2.669285078051722e-06,-0.02422364108044497,Crypto 4h
SOLUSDT,8.295844011890138e-05,0.6075392789132253,2.169231766629266e-05,0.16261637560485054,Crypto 4h
BTCUSDT,-0.0002798477770278922,-0.6170017210076819,-0.0006660263205715899,-1.2709603402506995,Crypto 1D
ETHUSDT,-0.0006251861156594886,-1.098047312094392,-0.0009051670623291815,-1.3117694913197029,Crypto 1D
BNBUSDT,-0.00018958531674774545,-0.34956991647545427,-0.00034690117453479763,-0.4983548528586451,Crypto 1D
XRPUSDT,-0.00022314854251759766,-0.32212128467613677,-0.0003341069967621472,-0.4436175717701174,Crypto 1D
ADAUSDT,-6.133267277764502e-05,-0.09588662331897713,-0.001146049636630468,-1.3061723077666312,Crypto 1D
TRXUSDT,-2.575878327550968e-05,-0.04866388526258835,-6.968493877866324e-05,-0.13002747173448675,Crypto 1D
DOGEUSDT,9.109471418653435e-05,0.11165853995227308,-0.0006364888708983921,-0.7028921323472176,Crypto 1D
ZECUSDT,0.0003090304026281186,0.3613375723495726,0.0002481633926216245,0.270574971710645,Crypto 1D
BCHUSDT,-0.00046682236504777715,-0.5842779133564338,-0.0007110411112970945,-0.8855189189425297,Crypto 1D
SOLUSDT,-0.0004767374267717539,-0.5821714633152922,-0.001140201252640904,-1.148336684087848,Crypto 1D
